name,ttm,05/31/2025,05/31/2024,05/31/2023,05/31/2022,05/31/2021,05/31/2020,05/31/2019,05/31/2018,05/31/2017,05/31/2016,05/31/2015,05/31/2014,05/31/2013,05/31/2012,05/31/2011,05/31/2010,05/31/2009,05/31/2008,05/31/2007,05/31/2006,05/31/2005,05/31/2004,05/31/2003,05/31/2002,05/31/2001,05/31/2000,05/31/1999,05/31/1998,05/31/1997,05/31/1996,05/31/1995,05/31/1994,05/31/1993,05/31/1992,05/31/1991,05/31/1990,05/31/1989,05/31/1988,05/31/1987,05/31/1986
"Total Revenue","11,181,300,000","11,612,800,000","12,050,900,000","12,277,000,000","11,535,900,000","11,184,700,000","11,054,400,000","9,538,400,000","7,938,300,000","7,826,900,000","8,664,100,000","9,034,000,000","11,838,200,000","13,469,300,000","13,331,100,000","12,386,100,000","12,014,900,000","12,426,100,000","11,563,500,000","10,531,700,000","10,251,400,000","11,383,800,000","10,926,300,000","16,533,600,000","22,335,500,000","25,060,500,000","25,534,600,000","24,844,400,000","24,544,600,000","24,445,200,000","23,899,300,000","24,108,900,000","23,512,200,000","21,519,100,000","21,219,000,000","19,504,700,000","15,501,200,000","11,340,400,000","9,475,000,000","9,001,600,000","5,911,000,000"
"	Operating Revenue","11,181,300,000","11,612,800,000","12,050,900,000","12,277,000,000","11,535,900,000","11,184,700,000","11,054,400,000","9,538,400,000","7,938,300,000","7,826,900,000","8,664,100,000","9,034,000,000","11,838,200,000","13,469,300,000","13,331,100,000","12,386,100,000","12,014,900,000","12,426,100,000","11,563,500,000","10,531,700,000","10,251,400,000","11,383,800,000","10,926,300,000","16,533,600,000","22,335,500,000","25,060,500,000","25,534,600,000","24,844,400,000","24,544,600,000","24,445,200,000","23,899,300,000","24,108,900,000","23,512,200,000","21,519,100,000","21,219,000,000","19,504,700,000","15,501,200,000","11,340,400,000","9,475,000,000","9,001,600,000","5,911,000,000"
"Cost of Revenue","8,479,800,000","8,609,300,000","8,717,500,000","9,012,200,000","8,697,100,000","8,005,500,000","7,984,800,000","6,885,400,000","5,586,800,000","5,483,100,000","6,234,900,000","6,737,800,000","8,910,800,000","10,104,400,000","10,532,100,000","9,483,500,000","8,953,700,000","9,644,100,000","8,849,400,000","7,838,700,000","7,710,100,000","8,550,300,000","8,136,600,000","13,146,200,000","18,775,000,000","21,288,300,000","22,182,900,000","21,540,500,000","20,962,600,000","20,314,800,000","19,992,000,000","20,402,600,000","20,157,400,000","18,363,400,000","17,875,700,000","16,681,400,000","13,716,900,000","9,772,300,000","8,299,800,000","7,819,800,000","5,096,500,000"
"Gross Profit","2,701,500,000","3,003,500,000","3,333,400,000","3,264,800,000","2,838,800,000","3,179,200,000","3,069,600,000","2,653,000,000","2,351,500,000","2,343,800,000","2,429,200,000","2,296,200,000","2,927,400,000","3,364,900,000","2,799,000,000","2,902,600,000","3,061,200,000","2,782,000,000","2,714,100,000","2,693,000,000","2,541,300,000","2,833,500,000","2,789,700,000","3,387,400,000","3,560,500,000","3,772,200,000","3,351,700,000","3,303,900,000","3,582,000,000","4,130,400,000","3,907,300,000","3,706,300,000","3,354,800,000","3,155,700,000","3,343,300,000","2,823,300,000","1,784,300,000","1,568,100,000","1,175,200,000","1,181,800,000","814,500,000"
"Operating Expense","1,371,300,000","1,537,300,000","1,487,500,000","1,431,900,000","1,492,800,000","1,403,000,000","1,622,500,000","1,473,400,000","1,398,400,000","1,474,000,000","2,024,600,000","1,383,400,000","1,778,900,000","2,065,900,000","1,980,300,000","1,499,000,000","1,819,400,000","1,683,600,000","1,764,300,000","1,774,100,000","1,842,400,000","1,717,900,000","1,699,800,000","1,901,100,000","1,972,000,000","2,274,000,000","2,108,100,000","1,910,900,000","2,255,800,000","2,807,200,000","2,686,000,000","2,605,700,000","2,385,800,000","2,291,300,000","2,455,600,000","2,033,700,000","1,281,000,000","1,123,700,000","878,100,000","860,100,000","594,300,000"
"	Selling General and Administrative","1,371,300,000","1,537,300,000","1,487,500,000","1,431,900,000","1,492,800,000","1,403,000,000","1,622,500,000","1,473,400,000","1,398,400,000","1,474,000,000","2,024,600,000","1,383,400,000","1,778,900,000","2,065,900,000","1,980,300,000","1,499,000,000","1,819,400,000","1,683,600,000","1,764,300,000","1,774,100,000","1,842,400,000","1,717,900,000","1,699,800,000","1,901,100,000","1,972,000,000","2,274,000,000","2,108,100,000","1,910,900,000","1,866,800,000","2,381,000,000","2,278,100,000","2,229,900,000","2,091,000,000","2,014,300,000","2,136,300,000","1,782,900,000","1,151,300,000","1,022,000,000","788,600,000","782,700,000","540,700,000"
"		General & Administrative Expense","1,622,500,000",,"2,480,600,000","2,189,500,000","1,492,800,000","1,403,000,000","1,622,500,000","1,473,400,000","1,398,400,000","1,474,000,000","2,024,600,000","1,383,400,000","2,767,100,000","2,065,900,000","1,980,300,000","1,499,000,000",,,,,,,,,,,,,,,,,,,,,,,,,
"			Salaries and Wages",,,"-10,300,000","-24,200,000","-67,300,000",,,,,,,,,,,,,,,,,,,,,,,,,,,,,,,,,,,,
"			Other G and A","1,622,500,000",,"2,480,600,000","2,189,500,000","1,492,800,000","1,403,000,000","1,622,500,000","1,473,400,000","1,398,400,000","1,474,000,000","2,024,600,000","1,383,400,000","2,767,100,000","2,065,900,000","1,980,300,000","1,499,000,000",,,,,,,,,,,,,,,,,,,,,,,,,
"	Depreciation Amortization Depletion",,,,,,,,,,,,,,,,,,,,,,,,,,,"473,100,000","499,800,000","389,000,000","426,200,000","407,900,000","375,800,000","294,800,000","277,000,000","319,300,000","250,800,000","129,700,000","101,700,000","89,500,000","77,400,000","53,600,000"
"		Depreciation & amortization",,,,,,,,,,,,,,,,,,,,,,,,,,,"473,100,000","499,800,000","389,000,000","426,200,000","407,900,000","375,800,000","294,800,000","277,000,000","319,300,000","250,800,000","129,700,000","101,700,000","89,500,000","77,400,000","53,600,000"
"	Other Operating Expenses",,,,"-24,200,000","-67,300,000","-54,500,000","-9,900,000","-35,100,000",,"-55,200,000",,,,,,,,,,,,,,,,,,,,,,,,,,,,,,,
"Operating Income","1,330,200,000","1,466,200,000","1,845,900,000","1,832,900,000","1,346,000,000","1,776,200,000","1,447,100,000","1,179,600,000","953,100,000","869,800,000","404,600,000","912,800,000","1,148,500,000","1,299,000,000","818,700,000","1,403,600,000","1,241,800,000","1,098,400,000","949,800,000","918,900,000","698,900,000","1,115,600,000","1,089,900,000","1,486,300,000","1,588,500,000","1,498,200,000","1,243,600,000","1,393,000,000","1,326,200,000","1,323,200,000","1,221,300,000","1,100,600,000","969,000,000","864,400,000","887,700,000","789,600,000","503,300,000","444,400,000","297,100,000","321,700,000","220,200,000"
"Net Non Operating Interest Income Expense","-384,700,000","-416,700,000","-430,500,000","-409,600,000","-379,900,000","-420,400,000","-487,100,000","-391,400,000","-158,700,000","-195,500,000","-295,800,000","-328,200,000","-377,500,000","-276,200,000","-204,000,000","-177,500,000","-160,400,000","-186,000,000","-253,300,000",,,,,,,,,,,,,,,,,,,,,,
"	Interest Income Non Operating","7,500,000","2,500,000","5,700,000","3,900,000","2,100,000","1,900,000","3,100,000","6,800,000","3,800,000","3,700,000","1,200,000","1,000,000","2,300,000","2,900,000","4,000,000","42,200,000","85,200,000",,,,,,,,,,,,,,,,,,,,,,,,
"	Interest Expense Non Operating","392,200,000","419,200,000","436,200,000","413,500,000","382,000,000","422,300,000","490,200,000","398,200,000","162,500,000","199,200,000","297,000,000","329,200,000","379,800,000","279,100,000","208,000,000","219,700,000","245,600,000",,,,,,,,,,,,,,,,,,,,,,,,
"	Total Other Finance Cost",,,,,,,,,,,,,,,,,"160,400,000","186,000,000","253,300,000",,,,,,,,,,,,,,,,,,,,,,
"Other Income Expense","-788,900,000","106,700,000","-805,200,000","-521,400,000","212,600,000","54,500,000","9,900,000","35,100,000","80,400,000","55,200,000",,,,,,,,,"49,700,000","28,400,000","271,200,000","160,800,000","43,500,000","46,200,000","27,700,000","19,500,000","-322,200,000","-440,800,000","37,800,000","43,500,000","-466,200,000","3,400,000","5,200,000","25,400,000","17,500,000","23,600,000","24,100,000",,"10,500,000","10,000,000","3,100,000"
"	Earnings from Equity Interest","155,500,000","182,400,000","177,600,000","212,000,000","145,300,000",,,,,,,,,,,,,,"49,700,000","28,400,000","-58,200,000","-24,900,000","43,500,000","46,200,000","27,700,000","19,500,000",,,,,,,,,,,,,,,
"	Special Income Charges","-979,300,000","-101,600,000","-993,100,000","-757,600,000",,,,,,,,,,,,,,,,,"329,400,000","185,700,000",,,,,"-322,200,000","-440,800,000","37,800,000","43,500,000","-466,200,000","3,400,000","5,200,000","25,400,000","17,500,000","23,600,000","24,100,000",,"10,500,000","10,000,000","3,100,000"
"		Restructuring & Mergers Acquisition",,,,,,,,,,,,,,,,,,,,,,,,,,,"322,200,000","440,800,000",,,,,,,,,,,,,
"		Impairment of Capital Assets","1,021,500,000","72,100,000","956,700,000","730,900,000",,,,,,,,,,,,,,,,,,,,,,,,,,,,,,,,,,,,,
"		Gain on Sale of Business","42,200,000","-29,500,000","-36,400,000","-26,700,000",,,,,,,,,,,,,,,,,,,,,,,,,,,,,,,,,,,,,
"	Other Non Operating Income Expenses","34,900,000","25,900,000","10,300,000","24,200,000","67,300,000","54,500,000","9,900,000","35,100,000","80,400,000","55,200,000",,,,,,,,,,,,,,,,,,,,,,,,,,,,,,,
"Pretax Income","156,600,000","1,156,200,000","610,200,000","901,900,000","1,178,700,000","1,410,300,000","969,900,000","823,300,000","874,800,000","729,500,000","108,800,000","584,600,000","771,000,000","1,022,800,000","614,700,000","1,226,100,000","1,081,400,000","936,400,000","746,200,000","699,400,000","756,800,000","987,300,000","815,000,000","1,211,600,000","1,222,600,000","1,075,700,000","617,600,000","635,600,000","1,025,500,000","1,044,000,000","408,600,000","825,900,000","720,000,000","631,400,000","587,700,000","515,200,000","356,900,000","312,200,000","240,100,000","271,500,000","180,300,000"
"Tax Provision","199,900,000","3,700,000","262,500,000","218,700,000","290,500,000","193,800,000","201,300,000","218,800,000","174,600,000","254,700,000","46,400,000","212,700,000","178,300,000","361,900,000","191,700,000","421,600,000","360,900,000","318,600,000","227,300,000","245,500,000","235,000,000","403,700,000","319,300,000","445,700,000","460,200,000","412,800,000","235,300,000","305,400,000","393,200,000","406,100,000","219,700,000","330,300,000","282,900,000","239,900,000","215,300,000","204,000,000","125,200,000","114,300,000","85,400,000","122,800,000","75,000,000"
"Earnings from Equity Interest Net of Tax","194,100,000",,,"212,000,000","145,300,000","84,400,000","73,200,000","75,800,000","97,300,000","71,200,000","66,100,000","79,400,000","32,500,000","37,500,000","44,900,000","26,400,000","22,100,000","24,000,000","49,700,000",,,,,,,,,,,,,,,,,,,,,,
"Net Income Common Stockholders","-43,300,000","1,152,400,000","347,200,000","683,600,000","888,200,000","1,298,800,000","840,100,000","678,300,000","808,400,000","638,500,000","-681,800,000","-254,300,000","301,400,000","772,300,000","466,400,000","815,700,000","725,800,000","978,400,000","930,600,000","764,600,000","533,800,000","641,500,000","811,300,000","763,800,000","783,000,000","638,600,000","382,300,000","330,200,000","617,500,000","637,900,000","180,300,000","471,600,000","413,100,000","246,300,000","347,900,000","291,700,000","230,400,000","197,000,000","153,500,000","147,300,000","103,600,000"
"	Net Income","-43,300,000","1,152,400,000","347,200,000","683,600,000","888,200,000","1,298,800,000","840,100,000","678,300,000","808,400,000","639,300,000","-677,000,000","-252,600,000","303,100,000","773,900,000","467,900,000","817,600,000","725,800,000","978,400,000","930,600,000","764,600,000","533,800,000","641,500,000","811,300,000","763,800,000","783,000,000","638,600,000","382,300,000","330,200,000","617,500,000","637,900,000","188,900,000","495,600,000","437,100,000","270,300,000","372,400,000","311,200,000","231,700,000","197,900,000","154,700,000","148,700,000","105,300,000"
"		Net Income Including Non-Controlling Interests","-43,300,000","1,152,500,000","347,700,000","683,200,000","888,200,000","1,300,900,000","841,800,000","678,400,000","811,800,000","648,000,000","-665,900,000","-240,800,000","315,100,000","786,100,000","474,400,000","819,400,000","723,300,000","979,000,000","930,600,000","764,600,000","533,800,000","641,500,000","811,300,000","763,800,000","783,000,000","638,600,000","382,300,000","330,200,000","617,500,000","637,900,000","188,900,000","495,600,000","437,100,000","270,300,000","372,400,000","311,200,000","231,700,000","197,900,000","154,700,000","148,700,000","105,300,000"
"			Net Income Continuous Operations","-43,300,000","1,152,500,000","347,700,000","683,200,000","888,200,000","1,300,900,000","841,800,000","680,300,000","797,500,000","546,000,000","128,500,000","451,300,000","625,200,000","698,400,000","467,900,000","830,900,000","742,600,000","617,800,000","518,900,000","482,300,000","463,600,000","558,700,000","539,200,000","812,100,000","762,400,000","682,400,000","382,300,000","330,200,000","632,300,000","637,900,000","188,900,000","495,600,000","437,100,000","391,500,000","372,400,000","311,200,000","231,700,000","197,900,000","154,700,000","148,700,000","105,300,000"
"			Net Income Discontinuous Operations","0",,,,,"0","0","-1,900,000","14,300,000","102,000,000","-794,400,000","-692,100,000","-310,100,000","87,700,000","6,500,000","-11,500,000","-19,300,000","361,200,000","411,700,000","282,300,000","70,200,000","82,800,000","285,200,000","-52,200,000","22,600,000","100,000",,,,,,,,,,,,,,,
"			Net Income Extraordinary",,,,,,,,,,,,,,,,,,,,,,,"-13,100,000","3,900,000","-2,000,000","-43,900,000",,,"-14,800,000",,,,,"-121,200,000",,,,,,,
"		Minority Interests","0","-100,000","-500,000","400,000","0","-2,100,000","-1,700,000","-100,000","-3,400,000","-8,700,000","-11,100,000","-11,800,000","-12,000,000","-12,200,000","-6,500,000","-1,800,000","2,500,000","-600,000",,,,,,,,,,,,,,,,,,,,,,,
"	Preferred Stock Dividends",,,,,,,,,,,,,,,,,,,,,,,,,,,,,,,"8,600,000","24,000,000","24,000,000","24,000,000","24,500,000","19,500,000","1,300,000","900,000","1,200,000","1,400,000","1,700,000"
"	Otherunder Preferred Stock Dividend",,,,,,,,"0","0","800,000","4,800,000","1,700,000","1,700,000","1,600,000","1,500,000","1,900,000",,,,,,,,,,,,,,,,,,,,,,,,,
"Diluted NI Available to Com Stockholders","-43,300,000","1,152,400,000","347,200,000","683,600,000","888,200,000","1,298,800,000","840,100,000","678,300,000","808,400,000","638,500,000","-681,800,000","-254,300,000","301,400,000","772,300,000","466,400,000","815,700,000","725,800,000","978,400,000","930,600,000","764,600,000","533,800,000","641,500,000","811,300,000","763,800,000","783,000,000","638,600,000","382,300,000","330,200,000","617,500,000","637,900,000","180,300,000","471,600,000","413,100,000","246,300,000","347,900,000","291,700,000","230,400,000","197,000,000","153,500,000","147,300,000","103,600,000"
"Basic EPS","-0.09","2.4","0.73","1.43","1.85","2.67","1.72","1.53","2","1.48","-1.57","-0.6","0.72","1.88","1.13","1.9","1.63","2.16","1.91","1.52","1.03","1.24","1.54","1.44","1.48","1.25","0.8","0.66","1.35","1.36","0.4","1.04","0.91","0.54","0.75","0.71","0.63","0.55","0.43","0.41","0.34"
"Diluted EPS","-0.1","2.4","0.72","1.42","1.84","2.66","1.72","1.52","1.98","1.46","-1.57","-0.6","0.7","1.85","1.12","1.88","1.62","2.15","1.9","1.51","1.03","1.23","1.53","1.44","1.47","1.25","0.8","0.65","1.32","1.34","0.39","1.04","0.91","0.53","0.75","0.71","0.63","0.54","0.43","0.41","0.34"
"Basic Average Shares","478,675,000","478,300,000","478,600,000","478,900,000","480,300,000","485,800,000","487,300,000","444,000,000","403,900,000","431,900,000","434,400,000","426,100,000","421,300,000","410,800,000","412,900,000","429,700,000","443,600,000","452,900,000","487,500,000","503,026,316","518,252,427","517,338,710","526,818,182","530,416,667","525,800,000","510,880,000","477,875,000","500,303,030","457,407,407","469,044,118","450,750,000","453,461,538","453,956,044","456,111,111","463,866,667","410,845,070","365,714,286","358,181,818","356,976,744","359,268,293","304,705,882"
"Diluted Average Shares","479,100,000","479,700,000","480,000,000","480,700,000","482,200,000","487,800,000","488,600,000","445,600,000","407,400,000","436,000,000","438,500,000","426,100,000","427,500,000","417,600,000","418,300,000","434,300,000","447,100,000","455,400,000","490,900,000","506,357,616","518,252,427","521,544,715","530,261,438","530,416,667","528,000,000","510,880,000","477,875,000","508,000,000","467,803,030","476,044,776","462,307,692","453,461,538","453,956,044","464,716,981","463,866,667","410,845,070","365,714,286","364,814,815","356,976,744","359,268,293","304,705,882"
"Total Operating Income as Reported","350,900,000","1,364,600,000","852,800,000","1,075,300,000",,,,,,,,,,,,,,,,,,,,,,,,,,,,,,,,,,,,,
"Total Expenses","9,851,100,000","10,146,600,000","10,205,000,000","10,444,100,000","10,189,900,000","9,408,500,000","9,607,300,000","8,358,800,000","6,985,200,000","6,957,100,000","8,259,500,000","8,121,200,000","10,689,700,000","12,170,300,000","12,512,400,000","10,982,500,000","10,773,100,000","11,327,700,000","10,613,700,000","9,612,800,000","9,552,500,000","10,268,200,000","9,836,400,000","15,047,300,000","20,747,000,000","23,562,300,000","24,291,000,000","23,451,400,000","23,218,400,000","23,122,000,000","22,678,000,000","23,008,300,000","22,543,200,000","20,654,700,000","20,331,300,000","18,715,100,000","14,997,900,000","10,896,000,000","9,177,900,000","8,679,900,000","5,690,800,000"
"Net Income from Continuing & Discontinued Operation","-43,300,000","1,152,400,000","347,200,000","683,600,000","888,200,000","1,298,800,000","840,100,000","678,300,000","808,400,000","639,300,000","-677,000,000","-252,600,000","303,100,000","773,900,000","467,900,000","817,600,000","725,800,000","978,400,000","930,600,000","764,600,000","533,800,000","641,500,000","824,400,000","759,900,000","785,000,000","682,500,000","382,300,000","330,200,000","632,300,000","637,900,000","188,900,000","495,600,000","437,100,000","391,500,000","372,400,000","311,200,000","231,700,000","197,900,000","154,700,000","148,700,000","105,300,000"
"Normalized Income","544,280,000","1,253,674,865.94","1,131,749,000","1,257,491,030.048","888,200,000","1,298,800,000","840,100,000","680,200,000","794,100,000","537,300,000","117,400,000","439,500,000","613,200,000","686,200,000","461,400,000","829,100,000","745,100,000","617,200,000","518,900,000","482,300,000","236,484,619.45","447,280,000","539,200,000","812,100,000","762,400,000","682,400,000","581,744,721.503","594,680,000","632,300,000","611,320,833.333","468,620,000","493,559,752.997","433,943,166.667","375,750,712.702","361,311,009.018","296,944,720.497","216,054,244.887","197,900,000","147,934,693.878","142,700,000","103,440,000"
"Interest Income","7,500,000","2,500,000","5,700,000","3,900,000","2,100,000","1,900,000","3,100,000","6,800,000","3,800,000","3,700,000","1,200,000","1,000,000","2,300,000","2,900,000","4,000,000","42,200,000","85,200,000",,,,,,,,,,,,,,,,,,,,,,,,
"Interest Expense","392,200,000","419,200,000","436,200,000","413,500,000","382,000,000","422,300,000","490,200,000","398,200,000","162,500,000","199,200,000","297,000,000","329,200,000","379,800,000","279,100,000","208,000,000","219,700,000","245,600,000",,,,,,,,,,,,,,,,,,,,,,,,
"Net Interest Income","-384,700,000","-416,700,000","-430,500,000","-409,600,000","-379,900,000","-420,400,000","-487,100,000","-391,400,000","-158,700,000","-195,500,000","-295,800,000","-328,200,000","-377,500,000","-276,200,000","-204,000,000","-177,500,000","-160,400,000","-186,000,000","-253,300,000",,,,,,,,,,,,,,,,,,,,,,
"EBIT","548,800,000","1,575,400,000","1,046,400,000","1,315,400,000","1,560,700,000","1,832,600,000","1,460,100,000","1,221,500,000","1,037,300,000","928,700,000","405,800,000","913,800,000","1,150,800,000","1,301,900,000","822,700,000","1,445,800,000","1,327,000,000","1,098,400,000","949,800,000","918,900,000","698,900,000","1,115,600,000","1,089,900,000","1,486,300,000","1,588,500,000","1,498,200,000","1,243,600,000","1,393,000,000","1,326,200,000","1,323,200,000","1,221,300,000","1,100,600,000","969,000,000","864,400,000","887,700,000","789,600,000","503,300,000","444,400,000","297,100,000","321,700,000","220,200,000"
"EBITDA","937,800,000","1,965,600,000","1,447,300,000","1,685,300,000","1,936,100,000","2,220,300,000","1,849,000,000","1,554,500,000","1,294,300,000","1,196,700,000","684,300,000","1,198,400,000","1,505,400,000","1,720,500,000","1,193,600,000","1,806,700,000","1,651,100,000","1,406,000,000","1,245,900,000","1,254,200,000","999,200,000","1,402,500,000","1,359,700,000","1,855,200,000","2,125,100,000","2,036,600,000","1,780,100,000","1,892,800,000","1,783,000,000","1,749,400,000","1,629,200,000","1,476,400,000","1,263,800,000","1,141,400,000","1,207,000,000","1,040,400,000","633,000,000","546,100,000","386,600,000","399,100,000","273,800,000"
"Reconciled Cost of Revenue","8,479,800,000","8,609,300,000","8,717,500,000","9,012,200,000","8,697,100,000","8,005,500,000","7,984,800,000","6,885,400,000","5,586,800,000","5,483,100,000","6,234,900,000","6,737,800,000","8,910,800,000","10,104,400,000","10,532,100,000","9,483,500,000","8,953,700,000","9,644,100,000","8,849,400,000","7,838,700,000","7,710,100,000","8,550,300,000","8,136,600,000","13,146,200,000","18,775,000,000","21,288,300,000","22,182,900,000","21,540,500,000","20,894,800,000","20,314,800,000","19,992,000,000","20,402,600,000","20,157,400,000","18,363,400,000","17,875,700,000","16,681,400,000","13,716,900,000","9,772,300,000","8,299,800,000","7,819,800,000","5,096,500,000"
"Reconciled Depreciation","389,000,000","390,200,000","400,900,000","369,900,000","375,400,000","387,700,000","388,900,000","333,000,000","257,000,000","268,000,000","278,500,000","284,600,000","354,600,000","418,600,000","370,900,000","360,900,000","324,100,000","307,600,000","296,100,000","335,300,000","300,300,000","286,900,000","269,800,000","368,900,000","536,600,000","538,400,000","536,500,000","499,800,000","456,800,000","426,200,000","407,900,000","375,800,000","294,800,000","277,000,000","319,300,000","250,800,000","129,700,000","101,700,000","89,500,000","77,400,000","53,600,000"
"Net Income from Continuing Operation Net Minority Interest","-43,300,000","1,152,400,000","347,200,000","683,600,000","888,200,000","1,298,800,000","840,100,000","680,200,000","794,100,000","537,300,000","117,400,000","439,500,000","613,200,000","686,200,000","461,400,000","829,100,000","745,100,000","617,200,000","518,900,000","482,300,000","463,600,000","558,700,000","539,200,000","812,100,000","762,400,000","682,400,000","382,300,000","330,200,000","632,300,000","637,900,000","188,900,000","495,600,000","437,100,000","391,500,000","372,400,000","311,200,000","231,700,000","197,900,000","154,700,000","148,700,000","105,300,000"
"Total Unusual Items Excluding Goodwill","-979,300,000","-101,600,000","-993,100,000","-757,600,000",,,,,,,,,,,,,,,,,"329,400,000","185,700,000",,,,,"-322,200,000","-440,800,000","37,800,000","43,500,000","-466,200,000","3,400,000","5,200,000","25,400,000","17,500,000","23,600,000","24,100,000",,"10,500,000","10,000,000","3,100,000"
"Total Unusual Items","-979,300,000","-101,600,000","-993,100,000","-757,600,000",,,,,,,,,,,,,,,,,"329,400,000","185,700,000",,,,,"-322,200,000","-440,800,000","37,800,000","43,500,000","-466,200,000","3,400,000","5,200,000","25,400,000","17,500,000","23,600,000","24,100,000",,"10,500,000","10,000,000","3,100,000"
"Normalized EBITDA","1,917,100,000","2,067,200,000","2,440,400,000","2,442,900,000","1,936,100,000","2,220,300,000","1,849,000,000","1,554,500,000","1,294,300,000","1,196,700,000","684,300,000","1,198,400,000","1,505,400,000","1,720,500,000","1,193,600,000","1,806,700,000","1,651,100,000","1,406,000,000","1,245,900,000","1,254,200,000","669,800,000","1,216,800,000","1,359,700,000","1,855,200,000","2,125,100,000","2,036,600,000","2,102,300,000","2,333,600,000","1,783,000,000","1,705,900,000","2,095,400,000","1,473,000,000","1,258,600,000","1,116,000,000","1,189,500,000","1,016,800,000","608,900,000","546,100,000","376,100,000","389,100,000","270,700,000"
"Tax Rate for Calcs","0.4","0.003","0.21","0.242","0.246","0.137","0.19","0.266","0.18","0.32","0.27","0.32","0.22","0.34","0.29","0.34","0.334","0.34","0.305","0.351","0.311","0.4","0.392","0.368","0.376","0.384","0.381","0.4","0.383","0.389","0.4","0.4","0.393","0.38","0.366","0.396","0.351","0.366","0.356","0.4","0.4"
"Tax Effect of Unusual Items","-391,720,000","-325,134.06","-208,551,000","-183,708,969.952","0","0","0","0","0","0","0","0","0","0","0","0","0","0","0","0","102,284,619.45","74,280,000","0","0","0","0","-122,755,278.497","-176,320,000","0","16,920,833.333","-186,480,000","1,359,752.997","2,043,166.667","9,650,712.702","6,411,009.018","9,344,720.497","8,454,244.887","0","3,734,693.878","4,000,000","1,240,000"