name,05/31/2025,05/31/2024,05/31/2023,05/31/2022,05/31/2021,05/31/2020,05/31/2019,05/31/2018,05/31/2017,05/31/2016,05/31/2015,05/31/2014,05/31/2013,05/31/2012,05/31/2011,05/31/2010,05/31/2009,05/31/2008,05/31/2007,05/31/2006,05/31/2005,05/31/2004,05/31/2003,05/31/2002,05/31/2001,05/31/2000,05/31/1999,05/31/1998,05/31/1997,05/31/1996,05/31/1995,05/31/1994,05/31/1993,05/31/1992,05/31/1991,05/31/1990,05/31/1989,05/31/1988,05/31/1987,05/31/1986
"Total Assets","33,071,100,000","31,469,900,000","31,451,700,000","31,090,100,000","31,841,900,000","30,806,700,000","30,111,200,000","30,624,000,000","21,812,600,000","21,712,300,000","21,832,000,000","23,145,700,000","22,658,000,000","21,096,800,000","18,674,500,000","17,678,900,000","17,874,800,000","19,041,600,000","18,183,700,000","18,075,000,000","18,066,000,000","18,448,000,000","18,227,000,000","16,540,000,000","5,091,000,000","4,574,000,000","4,140,700,000","3,861,400,000","3,902,400,000","3,294,700,000","3,358,200,000","5,198,300,000","4,650,800,000","4,305,000,000","3,901,800,000","3,289,500,000","2,888,100,000","2,671,900,000","2,280,400,000","2,086,200,000"
"	Current Assets","5,275,700,000","4,580,900,000","5,176,400,000","5,089,800,000","5,754,500,000","5,121,300,000","4,186,500,000","4,123,700,000","4,061,400,000","3,937,200,000","3,685,600,000","4,393,500,000","4,298,900,000","3,691,400,000","3,902,000,000","3,480,000,000","3,534,900,000","3,620,000,000","3,053,700,000","3,041,000,000","3,055,000,000","3,215,000,000","3,179,000,000","3,437,000,000","1,408,000,000","1,190,000,000","1,102,500,000","1,035,300,000","1,011,300,000","995,100,000","896,900,000","1,129,200,000","1,076,900,000","1,034,600,000","1,082,300,000","910,100,000","841,300,000","985,900,000","865,900,000","804,400,000"
"		Cash, Cash Equivalents & Short Term Investments","363,900,000","418,000,000","702,700,000","819,200,000","1,865,200,000","1,677,800,000","450,000,000","399,000,000","766,100,000","763,700,000","334,200,000","867,300,000","741,400,000","471,200,000","619,600,000","673,200,000","773,200,000","661,000,000","423,600,000","647,000,000","573,000,000","751,000,000","703,000,000","975,000,000","64,000,000","26,000,000","3,900,000","6,400,000","12,800,000","20,600,000","13,000,000","200,000","100,000,000","500,000","39,800,000","700,000","10,600,000","14,600,000","179,700,000","190,300,000"
"			Cash And Cash Equivalents","363,900,000","418,000,000","585,500,000","569,400,000","1,505,200,000","1,677,800,000","450,000,000","399,000,000","766,100,000","763,700,000","334,200,000","867,300,000","741,400,000","471,200,000","619,600,000","673,200,000","749,800,000","661,000,000","417,100,000","647,000,000","573,000,000","751,000,000","703,000,000","975,000,000","64,000,000","26,000,000","3,900,000","6,400,000","12,800,000","20,600,000","13,000,000","200,000","100,000,000","500,000","39,800,000","700,000","10,600,000","14,600,000","179,700,000","190,300,000"
"			Other Short Term Investments",,"0","117,200,000","249,800,000","360,000,000","0",,,,,,,,,,"4,800,000","23,400,000","13,300,000","6,500,000",,,,,,,,,,,,,,,,,,,,,
"		Receivables","1,937,100,000","1,917,800,000","2,014,000,000","1,961,000,000","1,815,100,000","1,770,900,000","1,972,100,000","1,899,100,000","1,628,800,000","1,564,700,000","1,616,400,000","1,670,800,000","1,687,100,000","1,461,900,000","1,405,100,000","1,041,600,000","1,146,400,000","1,081,600,000","1,162,100,000","1,024,000,000","1,034,000,000","1,010,000,000","980,000,000","1,010,000,000","664,000,000","501,000,000","490,600,000","395,100,000","419,100,000","337,800,000","277,300,000","309,700,000","287,400,000","291,900,000","306,300,000","258,700,000","254,600,000","230,000,000","236,700,000","220,000,000"
"			Accounts receivable","1,795,900,000","1,696,200,000","1,683,200,000","1,692,100,000","1,638,500,000","1,615,100,000","1,679,700,000","1,684,200,000","1,430,100,000","1,360,800,000","1,386,700,000","1,483,600,000","1,446,400,000","1,323,600,000","1,162,300,000","1,041,600,000","953,400,000","1,081,600,000","952,900,000","912,000,000","1,034,000,000","1,010,000,000","980,000,000","1,010,000,000","664,000,000","501,000,000",,,,,,,,,,,,,,
"				Gross Accounts Receivable","1,829,100,000","1,721,200,000","1,710,100,000","1,720,400,000","1,674,500,000","1,648,300,000","1,708,500,000","1,712,600,000","1,454,400,000","1,390,400,000","1,412,000,000","1,504,600,000","1,466,300,000","1,345,300,000","1,178,600,000","1,057,400,000","971,200,000","1,098,000,000","969,300,000",,,,,,,,,,,,,,,,,,,,,
"				Allowance For Doubtful Accounts Receivable","-33,200,000","-25,000,000","-26,900,000","-28,300,000","-36,000,000","-33,200,000","-28,800,000","-28,400,000","-24,300,000","-29,600,000","-25,300,000","-21,000,000","-19,900,000","-21,700,000","-16,300,000","-15,800,000","-17,800,000","-16,400,000","-16,400,000",,,,,,,,,,,,,,,,,,,,,
"			Accrued Interest Receivable",,,,,,,,,,,,,,"15,000,000","29,000,000","64,900,000","73,400,000","103,500,000","116,700,000",,,,,,,,,,,,,,,,,,,,,
"			Other Receivables","141,200,000","221,600,000","330,800,000","268,900,000","176,600,000","155,800,000","292,400,000","214,900,000","198,700,000","203,900,000","229,700,000","187,200,000","240,700,000","138,300,000","213,800,000","150,200,000","119,600,000","183,800,000","92,500,000","112,000,000",,,,,,,,,,,,,,,,,,,,
"		Inventory","1,910,800,000","1,898,200,000","2,172,000,000","1,867,300,000","1,820,500,000","1,426,300,000","1,559,300,000","1,642,200,000","1,483,600,000","1,413,700,000","1,540,900,000","1,559,400,000","1,545,500,000","1,478,800,000","1,609,300,000","1,344,000,000","1,346,800,000","1,366,800,000","1,173,400,000","1,055,000,000","1,037,000,000","1,063,000,000","1,082,000,000","1,055,000,000","519,000,000","511,000,000","426,700,000","389,700,000","364,400,000","395,500,000","372,000,000","488,300,000","439,000,000","487,200,000","493,600,000","394,400,000","370,100,000","423,500,000","388,600,000","350,900,000"
"			Raw Materials","460,000,000","500,500,000","572,200,000","532,000,000","411,900,000","392,200,000","434,900,000","400,000,000","395,400,000","397,300,000","390,800,000","419,000,000","403,000,000","334,400,000","286,200,000","354,900,000","400,000,000","480,200,000","353,500,000","304,000,000","214,000,000","234,000,000","221,000,000",,"129,000,000",,,,,,,,,,,,,,,
"			Finished Goods","1,883,900,000","1,827,700,000","2,066,900,000","1,634,700,000","1,506,900,000","1,142,600,000","1,245,900,000","1,364,200,000","1,224,300,000","1,163,100,000","1,268,600,000","1,260,200,000","1,228,700,000","1,211,800,000","1,273,600,000","1,131,400,000","1,096,100,000","1,012,400,000","898,000,000","813,000,000","795,000,000","793,000,000","818,000,000",,"326,000,000",,,,,,,,,,,,,,,
"			Other Inventories","112,500,000","111,100,000","133,800,000","164,000,000","111,200,000","93,600,000","92,000,000","91,200,000","73,000,000","72,600,000","95,700,000","97,100,000","135,600,000","155,300,000","218,000,000",,,,,,"73,000,000","77,000,000","70,000,000",,"94,000,000",,,,,,,,,,,,,,,
"			Inventories Adjustments Allowances","-545,600,000","-541,100,000","-600,900,000","-463,400,000","-209,500,000","-202,100,000","-213,500,000","-213,200,000","-209,100,000","-219,300,000","-214,200,000","-216,900,000","-221,800,000","-222,700,000","-168,500,000","-142,300,000","-149,300,000","-125,800,000","-78,100,000","-62,000,000","-45,000,000","-41,000,000","-27,000,000",,"-30,000,000",,,,,,,,,,,,,,,
"		Prepaid Assets","269,000,000","266,100,000","244,400,000","213,500,000","221,700,000","194,500,000","189,000,000","165,600,000","168,900,000","177,900,000","169,300,000","187,200,000","168,600,000","178,300,000","161,000,000","378,500,000","197,500,000","510,600,000","172,300,000","168,000,000","203,000,000","222,000,000","184,000,000","156,000,000","99,000,000",,,,,,,,,,,,,,,
"		Current Deferred Assets",,,,,,,,,,,"100,100,000","74,100,000","128,000,000","59,700,000","27,300,000","42,700,000","15,600,000","0","67,200,000","50,000,000","208,000,000","169,000,000","230,000,000","241,000,000","62,000,000",,,,,,,,,,,,,,,
"			Current Deferred Taxes Assets",,,,,,,,,,,"100,100,000","74,100,000","128,000,000","59,700,000","27,300,000","42,700,000","15,600,000","0","67,200,000","50,000,000","208,000,000","169,000,000","230,000,000","241,000,000","62,000,000",,,,,,,,,,,,,,,
"		Assets Held for Sale Current","740,400,000","0","0","158,900,000","0",,,,,,,,,,,,,,,,,,,,,,,,,,,,,,,,,,,
"		Hedging Assets Current","11,600,000","20,800,000","2,300,000","28,700,000","12,000,000","5,000,000","6,700,000","7,100,000","2,700,000","1,800,000","3,300,000","7,500,000","7,500,000","8,300,000","57,300,000",,,,,,,,,,,,,,,,,,,,,,,,,
"		Other Current Assets","42,900,000","60,000,000","41,000,000","41,200,000","20,000,000","46,800,000","9,400,000","10,700,000","11,300,000","15,400,000","21,500,000","27,200,000","20,800,000","33,200,000","22,400,000","31,100,000","55,400,000","16,500,000","55,100,000","97,000,000",,,,,,"152,000,000","181,300,000","244,100,000","215,000,000","241,200,000","234,600,000","331,000,000","250,500,000","255,000,000","242,600,000","256,300,000","206,000,000","317,800,000","60,900,000","43,200,000"
"	Total non-current assets","27,795,400,000","26,889,000,000","26,275,300,000","26,000,300,000","26,087,400,000","25,685,400,000","25,924,700,000","26,500,300,000","17,751,200,000","17,775,100,000","18,146,400,000","18,752,200,000","18,359,100,000","17,405,400,000","14,772,500,000","14,198,900,000","14,339,900,000","15,421,600,000","15,130,000,000","15,034,000,000","15,011,000,000","15,233,000,000","15,048,000,000","13,103,000,000","3,683,000,000","3,384,000,000","3,038,200,000","2,826,100,000","2,891,100,000","2,299,600,000","2,461,300,000","4,069,100,000","3,573,900,000","3,270,400,000","2,819,500,000","2,379,400,000","2,046,800,000","1,686,000,000","1,414,500,000","1,281,800,000"
"		Net PPE","4,031,700,000","4,230,000,000","3,976,200,000","3,730,600,000","3,985,400,000","3,945,800,000","3,787,200,000","4,047,200,000","3,687,700,000","3,743,600,000","3,783,300,000","3,941,900,000","3,878,100,000","3,652,700,000","3,345,900,000","3,127,700,000","3,034,900,000","3,108,100,000","3,013,900,000","2,997,000,000","3,111,000,000","3,111,000,000","2,980,000,000","2,764,000,000","1,501,000,000","1,405,000,000","1,294,700,000","1,186,300,000","1,279,400,000","1,312,400,000","1,456,600,000","3,092,600,000","2,859,600,000","2,648,600,000","2,241,300,000","1,934,500,000","1,588,100,000","1,376,400,000","1,249,500,000","1,084,900,000"
"			Gross PPE","10,844,800,000","11,466,500,000","10,909,600,000","10,547,100,000","10,843,700,000","10,320,000,000","10,080,500,000","10,003,200,000","9,526,600,000","9,503,500,000","9,591,100,000","9,393,100,000","8,932,900,000","8,284,700,000","7,492,100,000","6,949,700,000","6,620,900,000","6,471,300,000","6,095,700,000","5,806,000,000","5,670,000,000","5,319,000,000","4,929,000,000","4,618,000,000","3,179,000,000","2,949,000,000","2,718,900,000","2,517,100,000","2,571,600,000","2,508,000,000","2,611,900,000","4,689,800,000","4,239,500,000","3,855,300,000","3,337,100,000","2,883,200,000","2,404,000,000","2,139,000,000","1,939,100,000","1,711,000,000"
"				Properties","0","0","0","0","0","0","0","0","0","0","0","0","0","0","0","0","0","0","0","0","0","0","0","0","0",,,,,,,,,,,,,,,
"				Land And Improvements","50,400,000","57,300,000","56,500,000","55,100,000","67,400,000","66,100,000","73,600,000","77,700,000","79,800,000","92,900,000","96,000,000","106,900,000","101,200,000","75,900,000","61,200,000","58,000,000","55,200,000","61,200,000","60,700,000","54,000,000","54,000,000","5,319,000,000","55,000,000","54,000,000","25,000,000",,,,,,,,,,,,,,,
"				Buildings And Improvements","2,536,100,000","2,640,500,000","2,569,600,000","2,445,100,000","2,543,000,000","2,412,900,000","2,477,500,000","2,396,600,000","2,249,500,000","2,236,300,000","2,273,000,000","2,228,700,000","2,168,600,000","1,980,900,000","1,802,700,000","1,653,800,000","1,571,800,000","1,550,400,000","1,518,600,000","1,430,000,000","1,396,000,000","1,290,000,000","1,180,000,000","1,151,000,000","636,000,000",,,,,,,,,,,,,,,
"				Machinery Furniture Equipment","531,600,000","506,800,000","514,800,000","717,800,000","718,500,000","668,500,000","631,600,000","593,600,000","545,400,000","523,000,000","499,000,000","468,000,000","427,900,000","419,100,000","367,700,000","4,724,300,000","4,592,000,000","4,451,200,000","4,216,800,000","3,859,000,000","3,722,000,000","3,419,000,000","3,005,000,000","2,916,000,000","2,226,000,000",,,,,,,,,,,,,,,
"				Other Properties","7,128,600,000","7,362,000,000","7,022,000,000","6,836,300,000","7,119,100,000","6,799,000,000","6,554,000,000","6,242,400,000","6,098,900,000","5,948,600,000","6,100,900,000","5,988,700,000","5,740,100,000","5,266,200,000","4,738,600,000",,,,,"211,000,000","302,000,000",,,,,,,,,,,,,,,,,,,
"				Construction in Progress","598,100,000","899,900,000","746,700,000","492,800,000","395,700,000","373,500,000","343,800,000","692,900,000","553,000,000","702,700,000","622,200,000","600,800,000","495,100,000","542,600,000","521,900,000","469,000,000","349,200,000","343,800,000","275,700,000","252,000,000","196,000,000","557,000,000","689,000,000","497,000,000","292,000,000",,,,,,,,,,,,,,,
"				Leases",,,,,,,,,,,,,,,"43,900,000","44,600,000","52,700,000","64,700,000","23,900,000",,,,,,,,,,,,,,,,,,,,,
"			Accumulated Depreciation","-6,813,100,000","-7,236,500,000","-6,933,400,000","-6,816,500,000","-6,858,300,000","-6,374,200,000","-6,293,300,000","-5,956,000,000","-5,838,900,000","-5,759,900,000","-5,807,800,000","-5,451,200,000","-5,054,800,000","-4,632,000,000","-4,146,200,000","-3,822,000,000","-3,586,000,000","-3,363,200,000","-3,081,800,000","-2,809,000,000","-2,559,000,000","-2,208,000,000","-1,949,000,000","-1,854,000,000","-1,678,000,000","-1,544,000,000","-1,424,200,000","-1,330,800,000","-1,292,200,000","-1,195,600,000","-1,155,300,000","-1,597,200,000","-1,379,900,000","-1,206,700,000","-1,095,800,000","-948,700,000","-815,900,000","-762,600,000","-689,600,000","-626,100,000"
"		Goodwill And Other Intangible Assets","22,703,800,000","21,730,600,000","21,478,800,000","21,378,400,000","21,213,000,000","21,019,000,000","21,162,600,000","21,510,100,000","13,277,600,000","13,279,800,000","13,551,900,000","13,664,800,000","13,637,300,000","12,887,400,000","10,564,100,000","10,307,800,000","10,410,000,000","10,563,300,000","10,529,400,000","10,259,000,000","10,216,000,000","10,325,000,000","10,272,000,000","8,563,000,000","870,000,000","870,000,000","722,000,000","630,400,000","655,200,000",,,,,,,"64,400,000","57,200,000","72,900,000","56,400,000","53,400,000"
"			Goodwill","15,622,400,000","14,750,700,000","14,511,200,000","14,378,500,000","14,062,400,000","13,923,200,000","13,995,800,000","14,065,000,000","8,747,200,000","8,741,200,000","8,874,900,000","8,650,500,000","8,622,200,000","8,182,500,000","6,750,800,000","6,592,800,000","6,663,000,000","6,786,100,000","6,835,400,000","6,652,000,000",,,,,,,,,,,,,,,,,,,,
"			Other Intangible Assets","7,081,400,000","6,979,900,000","6,967,600,000","6,999,900,000","7,150,600,000","7,095,800,000","7,166,800,000","7,445,100,000","4,530,400,000","4,538,600,000","4,677,000,000","5,014,300,000","5,015,100,000","4,704,900,000","3,813,300,000","3,715,000,000","3,747,000,000","3,777,200,000","3,694,000,000","3,607,000,000","10,216,000,000","10,325,000,000","10,272,000,000","8,563,000,000","870,000,000","870,000,000","722,000,000","630,400,000","655,200,000",,,,,,,"64,400,000","57,200,000","72,900,000","56,400,000","53,400,000"
"		Investments And Advances","431,900,000","397,900,000","462,000,000","513,800,000","566,400,000","566,700,000","452,900,000","499,600,000","505,300,000","531,600,000","561,300,000","575,700,000","567,300,000","627,900,000","519,100,000","398,100,000","283,300,000","278,600,000","294,600,000",,,,,,,,,,,,,,,,,,,,,
"			Long Term Equity Investment","431,900,000","397,900,000","462,000,000","513,800,000","566,400,000","566,700,000","452,900,000","499,600,000","505,300,000","518,900,000","530,600,000","507,500,000","478,500,000","529,000,000","519,100,000","398,100,000","283,300,000","278,600,000","294,600,000",,,,,,,,,,,,,,,,,,,,,
"				Investments in Joint Venturesat Cost","431,900,000","397,900,000","462,000,000","513,800,000","566,400,000","566,700,000","452,900,000","499,600,000","505,300,000","518,900,000","530,600,000","507,500,000","478,500,000","529,000,000","519,100,000","398,100,000","283,300,000","278,600,000","294,600,000",,,,,,,,,,,,,,,,,,,,,
"			Investment in Financial Assets",,,,,,,,,"0","12,700,000","30,700,000","68,200,000","88,800,000","98,900,000","0",,,,"23,000,000",,,,,,,,,,,,,,,,,,,,,
"		Non Current Accounts Receivable",,,,,,,,,,,,,,"6,200,000","13,300,000","130,100,000","189,800,000","126,200,000","34,100,000",,,,,,,,,,,,,,,,,,,,,
"		Non Current Deferred Assets","186,100,000","167,500,000","0",,,,,,,,,,,,,,,,,,,,,,,,,,,,,,,,,,,,,
"			Non Current Deferred Taxes Assets","186,100,000","167,500,000","0",,,,,,,,,,,,,,,,,,,,,,,,,,,,,,,,,,,,,
"		Defined Pension Benefit","144,700,000","89,100,000","51,800,000","52,600,000","30,000,000","21,200,000","323,500,000","309,900,000","144,900,000","90,900,000","138,200,000","432,200,000","131,800,000","42,700,000","128,600,000","2,200,000","195,100,000","1,110,100,000","1,018,500,000",,,,,,,,,,,,,,,,,,,,,
"		Other Non Current Assets","297,200,000","273,900,000","306,500,000","324,900,000","292,600,000","132,700,000","198,500,000","133,500,000","135,700,000","129,200,000","111,700,000","137,600,000","144,600,000","194,700,000","201,500,000","763,400,000","226,800,000","1,750,200,000","239,500,000","1,778,000,000","1,684,000,000","1,797,000,000","1,796,000,000","1,776,000,000","1,312,000,000","1,109,000,000","1,743,500,000","1,009,400,000","956,500,000","987,200,000","1,004,700,000","976,500,000","714,300,000","621,800,000","578,200,000","380,500,000","401,500,000","236,700,000","108,600,000","143,500,000"
"Total Liabilities Net Minority Interest","23,859,900,000","21,821,400,000","20,751,700,000","20,302,100,000","21,463,800,000","21,912,600,000","22,191,800,000","23,355,400,000","16,216,200,000","15,559,600,000","15,660,400,000","15,156,200,000","14,562,000,000","13,366,300,000","12,062,300,000","12,030,900,000","12,458,300,000","12,583,500,000","11,725,800,000","11,167,000,000","11,257,000,000","12,901,000,000","13,752,000,000","12,811,000,000","5,039,000,000","4,863,000,000","3,976,500,000","3,671,200,000","3,407,800,000","2,987,000,000","3,217,200,000","4,047,100,000","3,432,300,000","2,934,100,000","2,788,300,000","2,479,800,000","2,156,200,000","2,023,400,000","1,550,000,000","1,403,700,000"
"	Current Liabilities","7,857,300,000","7,033,100,000","7,535,700,000","8,019,900,000","8,265,800,000","7,491,500,000","7,087,100,000","7,341,900,000","5,330,800,000","5,014,700,000","4,890,100,000","5,423,500,000","5,293,900,000","3,843,200,000","3,659,200,000","3,769,100,000","3,606,000,000","4,856,300,000","5,845,100,000","6,138,000,000","4,184,000,000","2,757,000,000","3,444,000,000","5,747,000,000","2,209,000,000","2,529,000,000","1,700,300,000","1,443,700,000","1,292,500,000","1,191,900,000","1,220,900,000","1,832,100,000","1,558,800,000","1,371,700,000","1,272,400,000","1,173,200,000","1,038,400,000","1,191,400,000","923,000,000","762,800,000"
"		Payables And Accrued Expenses","5,122,300,000","4,985,900,000","5,296,200,000","5,039,000,000","4,849,500,000","4,461,500,000","3,846,500,000","3,821,100,000","3,110,400,000","3,256,900,000","2,873,800,000","2,791,800,000","2,938,700,000","2,267,000,000","2,027,000,000","1,898,100,000","1,627,000,000","937,300,000","2,217,300,000","673,000,000","1,136,000,000","1,110,000,000","1,303,000,000","1,217,000,000","872,000,000","642,000,000","647,400,000","593,100,000","599,700,000","590,700,000","494,000,000","650,400,000","617,000,000","632,500,000","578,700,000","518,200,000","436,800,000",,,
"			Payables","4,134,500,000","4,090,800,000","4,332,200,000","4,058,900,000","3,754,200,000","3,387,900,000","2,924,000,000","2,866,800,000","2,217,400,000","2,216,400,000","1,855,500,000","1,731,000,000","1,794,900,000","1,238,700,000","1,110,300,000","849,500,000","971,400,000","937,300,000","1,641,700,000","673,000,000","1,136,000,000","1,110,000,000","1,303,000,000","1,217,000,000","619,000,000","642,000,000","647,400,000","593,100,000","599,700,000","590,700,000","494,000,000","650,400,000","617,000,000","632,500,000","578,700,000","518,200,000","436,800,000",,,
"				Accounts Payable","4,009,500,000","3,987,800,000","4,194,200,000","3,982,300,000","3,653,500,000","3,247,700,000","2,854,100,000","2,746,200,000","2,119,800,000","2,046,500,000","1,684,000,000","1,611,300,000","1,423,200,000","1,148,900,000","995,100,000","849,500,000","803,400,000","937,300,000","777,900,000","673,000,000","1,136,000,000","1,110,000,000","1,303,000,000","1,217,000,000","619,000,000","642,000,000","647,400,000","593,100,000","599,700,000","590,700,000","494,000,000","650,400,000","617,000,000","632,500,000","578,700,000","518,200,000","436,800,000",,,
"				Total Tax Payable","102,100,000","82,100,000","80,900,000","31,400,000","37,400,000","80,300,000","37,500,000","94,800,000","58,000,000","110,500,000","20,700,000","63,100,000","88,000,000","39,200,000","80,400,000","440,200,000","168,000,000","66,900,000","861,200,000",,,,,,,,,,,,,,,,,,,,,
"				Dividends Payable","22,900,000","20,900,000","23,100,000","25,300,000","24,100,000","20,700,000","19,200,000","17,500,000","21,500,000","23,800,000","27,900,000","33,500,000","279,600,000","24,500,000",,,,,,,,,,,,,,,,,,,,,,,,,,
"				Other Payable",,"20,600,000","34,000,000","19,900,000","39,200,000","39,200,000","13,200,000","8,300,000","18,100,000","35,600,000","122,900,000","23,100,000","4,100,000","26,100,000","34,800,000",,,"8,100,000","2,600,000",,,,,,,,,,,,,,,,,,,,,
"			Current Accrued Expenses","987,800,000","895,100,000","964,000,000","980,100,000","1,095,300,000","1,073,600,000","922,500,000","954,300,000","893,000,000","1,040,500,000","1,018,300,000","1,060,800,000","1,143,800,000","1,028,300,000","916,700,000","1,048,600,000","655,600,000","592,800,000","575,600,000","1,203,000,000",,,,,"253,000,000",,,,,,,,,,,,,,,
"				Interest Payable","148,900,000","88,100,000","83,100,000","70,100,000","80,000,000","92,800,000","92,600,000","107,700,000","83,800,000","90,400,000","91,800,000","92,500,000","91,200,000","100,200,000","114,000,000","136,500,000","182,100,000","146,800,000","165,500,000",,,,,,,,,,,,,,,,,,,,,
"		Current Provisions","77,100,000","14,800,000","47,700,000","36,800,000","148,800,000","17,800,000","36,500,000","66,800,000","85,000,000","76,600,000","120,800,000","3,500,000","19,500,000","85,900,000","7,200,000",,,,,,,,,,,,,,,,,,,,,,,,,
"		Pension & Other Post Retirement Benefit Plans Current",,,,,,,,,,,,,,,,"331,400,000","338,200,000","364,100,000","355,700,000",,,,,,,,,,,,,,,,,,,,,
"		Current Debt And Capital Lease Obligation","2,320,700,000","1,728,100,000","1,842,700,000","2,592,300,000","2,936,300,000","2,712,500,000","2,865,200,000","3,149,900,000","1,838,800,000","1,373,200,000","1,616,200,000","2,362,300,000","2,043,000,000","1,267,700,000","1,342,600,000","1,157,400,000","1,320,700,000","2,650,800,000","2,988,400,000","3,634,000,000","1,937,000,000","816,000,000","1,341,000,000","3,848,000,000","1,207,000,000","1,499,000,000","614,900,000","417,300,000","343,300,000","217,000,000","206,600,000","548,500,000","403,900,000","201,900,000","152,400,000","183,600,000","133,800,000","371,600,000","94,400,000","10,500,000"
"			Current Debt","2,205,400,000","1,625,900,000","1,740,800,000","2,485,600,000","2,825,100,000","2,610,500,000","2,865,200,000","3,149,900,000","1,838,800,000","1,373,200,000","1,616,200,000","2,362,300,000","2,043,000,000","1,267,700,000","1,342,600,000","1,157,400,000","1,320,700,000","2,650,800,000","2,988,400,000","3,634,000,000","1,937,000,000","816,000,000","1,341,000,000","3,848,000,000","1,207,000,000","1,499,000,000","614,900,000","417,300,000","343,300,000","217,000,000","206,600,000","548,500,000","403,900,000","201,900,000","152,400,000","183,600,000","133,800,000","371,600,000","94,400,000","10,500,000"
"				Current Notes Payable","677,000,000","11,800,000","31,700,000","811,400,000","361,300,000","279,000,000","1,468,700,000","1,549,800,000","1,234,100,000","269,800,000","615,800,000","1,111,700,000","599,700,000","526,500,000","311,300,000","1,050,100,000","812,200,000","2,208,800,000","1,254,400,000","1,503,000,000","299,000,000","583,000,000","1,236,000,000","3,600,000,000","858,000,000",,,,,,,,,,,,,,,
"				Other Current Borrowings","1,528,400,000","1,614,100,000","1,709,100,000","1,674,200,000","2,463,800,000","2,331,500,000","1,396,500,000","1,600,100,000","604,700,000","1,103,400,000","1,000,400,000","1,250,600,000","1,443,300,000","741,200,000","1,031,300,000","107,300,000","508,500,000","442,000,000","1,734,000,000","2,131,000,000","1,638,000,000","233,000,000","105,000,000","248,000,000","349,000,000",,,,,,,,,,,,,,,
"			Current Capital Lease Obligation","115,300,000","102,200,000","101,900,000","106,700,000","111,200,000","102,000,000","0",,,,,,,,,,,,,,,,,,,,,,,,,,,,,,,,,
"		Current Deferred Liabilities",,,,,,,,,,,,,,,,"25,500,000","19,300,000","28,400,000","6,800,000",,,,,,,,,,,,,,,,,,,,,
"			Current Deferred Taxes Liabilities",,,,,,,,,,,,,,,,,"0","28,400,000","0",,,,,,,,,,,,,,,,,,,,,
"			Current Deferred Revenue",,,,,,,,,,,,,,,,"25,500,000","19,300,000","17,300,000","6,800,000",,,,,,,,,,,,,,,,,,,,,
"		Other Current Liabilities","337,200,000","304,300,000","349,100,000","351,800,000","331,200,000","299,700,000","338,900,000","304,100,000","296,600,000","308,000,000","279,300,000","265,900,000","292,700,000","222,600,000","282,400,000","713,600,000","300,800,000","1,239,800,000","276,900,000","1,831,000,000","1,111,000,000","831,000,000","800,000,000","682,000,000","130,000,000","388,000,000","438,000,000","433,300,000","349,500,000","384,200,000","520,300,000","633,200,000","537,900,000","537,300,000","541,300,000","471,400,000","467,800,000","819,800,000","828,600,000","752,300,000"
"	Total Non Current Liabilities Net Minority Interest","16,002,600,000","14,788,300,000","13,216,000,000","12,282,200,000","13,198,000,000","14,421,100,000","15,104,700,000","16,013,500,000","10,885,400,000","10,544,900,000","10,770,300,000","9,732,700,000","9,268,100,000","9,523,100,000","8,403,100,000","8,261,800,000","8,852,300,000","7,727,200,000","5,880,700,000","5,029,000,000","7,073,000,000","10,144,000,000","10,308,000,000","7,064,000,000","2,830,000,000","2,334,000,000","2,276,200,000","2,227,500,000","2,115,300,000","1,795,100,000","1,996,300,000","2,215,000,000","1,873,500,000","1,562,400,000","1,515,900,000","1,306,600,000","1,117,800,000","832,000,000","627,000,000","640,900,000"
"		Long Term Debt And Capital Lease Obligation","12,976,000,000","11,587,000,000","10,222,100,000","9,383,100,000","10,070,100,000","11,206,000,000","11,624,800,000","12,668,700,000","7,642,900,000","7,057,700,000","7,575,300,000","6,423,500,000","5,926,100,000","6,161,900,000","5,542,500,000","5,268,500,000","5,754,800,000","4,348,700,000","3,217,700,000","2,415,000,000","4,255,000,000","7,410,000,000","7,516,000,000","5,591,000,000","2,221,000,000","1,760,000,000","1,702,400,000","1,640,400,000","1,530,400,000","1,220,900,000","1,400,900,000","1,417,200,000","1,268,300,000","920,500,000","879,000,000","688,500,000","536,300,000","361,500,000","285,500,000","458,300,000"
"			Long Term Debt","12,673,200,000","11,304,200,000","9,965,100,000","9,134,800,000","9,786,900,000","10,929,000,000","11,624,800,000","12,668,700,000","7,642,900,000","7,057,700,000","7,575,300,000","6,423,500,000","5,926,100,000","6,161,900,000","5,542,500,000","5,268,500,000","5,754,800,000","4,348,700,000","3,217,700,000","2,415,000,000","4,255,000,000","7,410,000,000","7,516,000,000","5,591,000,000","2,221,000,000","1,760,000,000","1,702,400,000","1,640,400,000","1,530,400,000","1,220,900,000","1,400,900,000","1,417,200,000","1,268,300,000","920,500,000","879,000,000","688,500,000","536,300,000","361,500,000","285,500,000","458,300,000"
"			Long Term Capital Lease Obligation","302,800,000","282,800,000","257,000,000","248,300,000","283,200,000","277,000,000","0",,,,,,,,,,,,,,,,,,,,,,,,,,,,,,,,,
"		Non Current Deferred Liabilities","2,100,800,000","2,200,600,000","2,110,900,000","2,218,300,000","2,118,400,000","1,947,100,000","2,031,000,000","2,003,800,000","1,719,400,000","1,399,600,000","1,450,200,000","1,666,000,000","1,389,100,000","1,171,400,000","1,127,400,000","874,600,000","1,165,300,000","1,454,600,000","1,433,100,000","1,690,000,000","1,851,000,000","1,773,000,000","1,661,000,000","407,000,000","423,000,000","387,000,000","400,200,000","413,900,000","415,800,000","407,500,000","248,600,000","487,200,000","457,600,000","434,500,000","455,200,000","427,600,000","399,300,000","407,100,000","282,600,000","127,800,000"
"			Non Current Deferred Taxes Liabilities","2,100,800,000","2,200,600,000","2,110,900,000","2,218,300,000","2,118,400,000","1,947,100,000","2,031,000,000","2,003,800,000","1,719,400,000","1,399,600,000","1,450,200,000","1,666,000,000","1,389,100,000","1,171,400,000","1,127,400,000","874,600,000","1,165,300,000","1,454,600,000","1,433,100,000","1,690,000,000","1,851,000,000","1,773,000,000","1,661,000,000","407,000,000","423,000,000","387,000,000","400,200,000","413,900,000","415,800,000","407,500,000","248,600,000","487,200,000","457,600,000","434,500,000","455,200,000","427,600,000","399,300,000","407,100,000","282,600,000","127,800,000"
"		Tradeand Other Payables Non Current","215,900,000","186,800,000","245,100,000","233,000,000","215,600,000","238,600,000","227,100,000","265,300,000","162,300,000","204,000,000","202,500,000","195,600,000","277,100,000","230,900,000","233,300,000","456,500,000","800,200,000","847,000,000","151,800,000",,,,,,,,,,,,,,,,,,,,,
"		Non Current Accrued Expenses",,,,,,,,,,,,,,,"233,300,000","276,300,000",,,,,,,,,,,,,,,,,,,,,,,,
"		Employee Benefits","642,500,000","708,600,000","509,600,000","360,800,000","707,700,000","958,700,000","1,153,300,000","999,400,000","1,249,700,000","1,755,000,000","1,451,400,000","1,341,900,000","1,560,200,000","1,853,100,000","1,412,800,000","1,588,100,000","1,051,000,000","1,000,600,000","988,300,000",,,,,,,,,,,,,,,,,,,,,
"			Non Current Pension And Other Post-Retirement Benefit Plans",,,,,"707,700,000","958,700,000","1,153,300,000","999,400,000","1,249,700,000","1,755,000,000","1,451,400,000","1,341,900,000","1,560,200,000","1,853,100,000","1,412,800,000","1,588,100,000","1,051,000,000","1,000,600,000","988,300,000",,,,,,,,,,,,,,,,,,,,,
"		Derivative Product Liabilities",,,,,,,,,,,,,,"8,900,000","22,200,000","180,200,000",,,,,,,,,,,,,,,,,,,,,,,,
"		Preferred Securities Outside Stock Equity",,,,,"604,900,000","544,600,000","551,700,000","776,200,000","910,900,000","845,600,000","778,900,000","984,100,000","967,500,000","847,800,000","0",,,,,,,,,,,,,,,,,,,,,,,,,
"		Other Non Current Liabilities","67,400,000","105,300,000","128,300,000","87,000,000","86,200,000","70,700,000","68,500,000","76,300,000","111,100,000","128,600,000","90,900,000","105,700,000","115,600,000","105,800,000","64,900,000","74,100,000","81,000,000","1,923,900,000","89,800,000","924,000,000","967,000,000","961,000,000","1,131,000,000","1,066,000,000","186,000,000","187,000,000","173,600,000","173,200,000","169,100,000","166,700,000","346,800,000","310,600,000","147,600,000","207,400,000","181,700,000","190,500,000","182,200,000","63,400,000","58,900,000","54,800,000"
"Total Equity Gross Minority Interest","9,211,200,000","9,648,500,000","10,700,000,000","10,788,000,000","10,378,100,000","8,894,100,000","7,919,400,000","7,268,600,000","5,596,400,000","6,152,700,000","6,171,600,000","7,989,500,000","8,096,000,000","7,730,500,000","6,612,200,000","5,648,000,000","5,416,500,000","6,458,100,000","6,457,900,000","6,908,000,000","6,809,000,000","5,547,000,000","4,475,000,000","3,729,000,000","52,000,000","-289,000,000","164,200,000","190,200,000","494,600,000","307,700,000","141,000,000","1,151,200,000","1,218,500,000","1,370,900,000","1,113,500,000","809,700,000","731,900,000","648,500,000","730,400,000","682,500,000"
"	Stockholders' Equity","9,199,200,000","9,396,700,000","10,449,600,000","10,542,400,000","9,470,400,000","8,058,500,000","7,054,500,000","6,141,100,000","4,327,900,000","4,930,200,000","4,996,700,000","6,534,800,000","6,672,200,000","6,421,700,000","6,365,500,000","5,402,900,000","5,172,300,000","6,215,800,000","5,319,100,000","5,772,000,000","5,676,000,000","5,248,000,000","4,175,000,000","3,576,000,000","52,000,000","-289,000,000","164,200,000","190,200,000","494,600,000","307,700,000","141,000,000","1,151,200,000","1,218,500,000","1,370,900,000","1,113,500,000","809,700,000","731,900,000","648,500,000","730,400,000","682,500,000"
"		Capital Stock","75,500,000","75,500,000","75,500,000","75,500,000","75,500,000","75,500,000","75,500,000","75,500,000","75,500,000","75,500,000","75,500,000","75,500,000","75,500,000","75,500,000","75,500,000","75,500,000","75,500,000","37,700,000","50,200,000","50,000,000","50,000,000","5,680,000,000","5,684,000,000","5,733,000,000","745,000,000","681,000,000","657,900,000",,,,,,,,,,,,,
"			Common Stock","75,500,000","75,500,000","75,500,000","75,500,000","75,500,000","75,500,000","75,500,000","75,500,000","75,500,000","75,500,000","75,500,000","75,500,000","75,500,000","75,500,000","75,500,000","75,500,000","75,500,000","37,700,000","50,200,000","50,000,000","50,000,000","5,680,000,000","5,684,000,000","5,733,000,000","745,000,000","681,000,000","657,900,000",,,,,,,,,,,,,
"		Additional Paid in Capital","1,218,800,000","1,227,000,000","1,222,400,000","1,182,900,000","1,365,500,000","1,348,600,000","1,386,700,000","1,202,500,000","1,120,900,000","1,177,000,000","1,296,700,000","1,231,800,000","1,166,600,000","1,308,400,000","1,319,800,000","1,307,100,000","1,212,100,000","1,149,100,000","5,841,300,000","5,737,000,000","5,691,000,000",,,,,,,,,,,,,,,,,,,
"		Retained Earnings","21,917,800,000","20,971,800,000","19,838,600,000","18,532,600,000","17,069,800,000","15,982,100,000","14,996,700,000","14,459,600,000","13,138,900,000","12,616,500,000","11,990,800,000","11,787,200,000","10,702,600,000","9,958,500,000","9,191,300,000","8,122,400,000","7,235,600,000","6,510,700,000","5,745,300,000","5,107,000,000","4,501,000,000","3,722,000,000","3,079,000,000","2,568,000,000","2,468,000,000","2,114,000,000","1,827,400,000","1,622,800,000","1,535,400,000","1,408,600,000","1,233,300,000","2,457,900,000","2,284,500,000","2,049,000,000","1,795,500,000","1,530,600,000","1,327,800,000","1,067,900,000","924,100,000","812,900,000"
"		Treasury Stock","11,467,900,000","10,357,900,000","8,410,000,000","7,278,100,000","6,611,200,000","6,433,300,000","6,779,000,000","7,167,500,000","7,762,900,000","6,326,600,000","6,055,600,000","5,219,400,000","3,687,200,000","3,177,000,000","3,210,300,000","2,615,200,000","2,473,100,000","1,658,400,000","6,198,000,000","5,163,000,000","4,460,000,000","3,921,000,000","4,203,000,000","4,292,000,000","3,014,000,000","2,935,000,000","2,195,300,000",,,,,,,,,,,,,
"		Gains Losses Not Affecting Retained Earnings","-2,545,000,000","-2,519,700,000","-2,276,900,000","-1,970,500,000","-2,429,200,000","-2,914,400,000","-2,625,400,000","-2,429,000,000","-2,244,500,000","-2,612,200,000","-2,310,700,000","-1,340,300,000","-1,585,300,000","-1,743,700,000","-1,010,800,000","-1,486,900,000","-877,800,000","176,700,000","-119,700,000","41,000,000","-106,000,000","-233,000,000","-385,000,000","-433,000,000","-146,000,000","-148,000,000","-125,800,000",,,,,,,,,,,,,
"			Foreign Currency Translation Adjustments",,,,,,,,,,,,,,,,,,,,"208,000,000",,,,,,,,,,,,,,,,,,,,
"			Other Equity Adjustments","-2,545,000,000","-2,519,700,000","-2,276,900,000","-1,970,500,000","-2,429,200,000","-2,914,400,000","-2,625,400,000","-2,429,000,000","-2,244,500,000","-2,612,200,000","-2,310,700,000","-1,340,300,000","-1,585,300,000","-1,743,700,000","-1,010,800,000",,,,,"-167,000,000",,,,,,,,,,,,,,,,,,,,
"		Other Equity Interest",,,,,,,,,,,,,,,,,,,,,,,,,"-1,000,000","-1,000,000","-1,663,200,000","-1,432,600,000","-1,040,800,000","-1,100,900,000","-1,092,300,000","-1,306,700,000","-1,066,000,000","-678,100,000","-682,000,000","-720,900,000","-595,900,000","-419,400,000","-193,700,000","-130,400,000"
"	Minority Interest","12,000,000","251,800,000","250,400,000","245,600,000","907,700,000","835,600,000","864,900,000","1,127,500,000","1,268,500,000","1,222,500,000","1,174,900,000","1,454,700,000","1,423,800,000","1,308,800,000","246,700,000","245,100,000","244,200,000","242,300,000","1,138,800,000","1,136,000,000","1,133,000,000","299,000,000","300,000,000","153,000,000",,,,,,,,,,,,,,,,
"Total Capitalization","21,872,400,000","20,700,900,000","20,414,700,000","19,677,200,000","19,257,300,000","18,987,500,000","18,679,300,000","18,809,800,000","11,970,800,000","11,987,900,000","12,572,000,000","12,958,300,000","12,598,300,000","12,583,600,000","11,908,000,000","10,671,400,000","10,927,100,000","10,564,500,000","8,536,800,000","8,187,000,000","9,931,000,000","12,658,000,000","11,691,000,000","9,167,000,000","2,273,000,000","1,471,000,000","1,866,600,000","1,830,600,000","2,025,000,000","1,528,600,000","1,541,900,000","2,568,400,000","2,486,800,000","2,291,400,000","1,992,500,000","1,498,200,000","1,268,200,000","1,010,000,000","1,015,900,000","1,140,800,000"
"Common Stock Equity","9,199,200,000","9,396,700,000","10,449,600,000","10,542,400,000","9,470,400,000","8,058,500,000","7,054,500,000","6,141,100,000","4,327,900,000","4,930,200,000","4,996,700,000","6,534,800,000","6,672,200,000","6,421,700,000","6,365,500,000","5,402,900,000","5,172,300,000","6,215,800,000","5,319,100,000","5,772,000,000","5,676,000,000","5,248,000,000","4,175,000,000","3,576,000,000","52,000,000","-289,000,000","164,200,000","190,200,000","494,600,000","307,700,000","141,000,000","1,151,200,000","1,218,500,000","1,370,900,000","1,113,500,000","809,700,000","731,900,000","648,500,000","730,400,000","682,500,000"
"Capital Lease Obligations","418,100,000","385,000,000","358,900,000","355,000,000","394,400,000","379,000,000","0",,,,,,,,,,,,,,,,,,,,,,,,,,,,,,,,,
"Net Tangible Assets","-13,504,600,000","-12,333,900,000","-11,029,200,000","-10,836,000,000","-11,742,600,000","-12,960,500,000","-14,108,100,000","-15,369,000,000","-8,949,700,000","-8,349,600,000","-8,555,200,000","-7,130,000,000","-6,965,100,000","-6,465,700,000","-4,198,600,000","-4,904,900,000","-5,237,700,000","-4,347,500,000","-5,210,300,000","-4,487,000,000","-4,540,000,000","-5,077,000,000","-6,097,000,000","-4,987,000,000","-818,000,000","-1,159,000,000","164,200,000","-440,200,000","-160,600,000","307,700,000","141,000,000","1,151,200,000","1,218,500,000","1,370,900,000","1,113,500,000","745,300,000","674,700,000","575,600,000","674,000,000","629,100,000"
"Working Capital","-2,581,600,000","-2,452,200,000","-2,359,300,000","-2,930,100,000","-2,511,300,000","-2,370,200,000","-2,900,600,000","-3,218,200,000","-1,269,400,000","-1,077,500,000","-1,204,500,000","-1,030,000,000","-995,000,000","-151,800,000","242,800,000","-289,100,000","-71,100,000","-1,236,300,000","-2,791,400,000","-3,097,000,000","-1,129,000,000","458,000,000","-265,000,000","-2,310,000,000","-801,000,000","-1,339,000,000","-597,800,000","-408,400,000","-281,200,000","-196,800,000","-324,000,000","-702,900,000","-481,900,000","-337,100,000","-190,100,000","-263,100,000","-197,100,000","-205,500,000","-57,100,000","41,600,000"
"Invested Capital","24,077,800,000","22,326,800,000","22,155,500,000","22,162,800,000","22,082,400,000","21,598,000,000","21,544,500,000","21,959,700,000","13,809,600,000","13,361,100,000","14,188,200,000","15,320,600,000","14,641,300,000","13,851,300,000","13,250,600,000","11,828,800,000","12,247,800,000","13,215,300,000","11,525,200,000","11,821,000,000","11,868,000,000","13,474,000,000","13,032,000,000","13,015,000,000","3,480,000,000","2,970,000,000","2,481,500,000","2,247,900,000","2,368,300,000","1,745,600,000","1,748,500,000","3,116,900,000","2,890,700,000","2,493,300,000","2,144,900,000","1,681,800,000","1,402,000,000","1,381,600,000","1,110,300,000","1,151,300,000"
"Tangible Book Value","-13,504,600,000","-12,333,900,000","-11,029,200,000","-10,836,000,000","-11,742,600,000","-12,960,500,000","-14,108,100,000","-15,369,000,000","-8,949,700,000","-8,349,600,000","-8,555,200,000","-7,130,000,000","-6,965,100,000","-6,465,700,000","-4,198,600,000","-4,904,900,000","-5,237,700,000","-4,347,500,000","-5,210,300,000","-4,487,000,000","-4,540,000,000","-5,077,000,000","-6,097,000,000","-4,987,000,000","-818,000,000","-1,159,000,000","164,200,000","-440,200,000","-160,600,000","307,700,000","141,000,000","1,151,200,000","1,218,500,000","1,370,900,000","1,113,500,000","745,300,000","674,700,000","575,600,000","674,000,000","629,100,000"
"Total Debt","15,296,700,000","13,315,100,000","12,064,800,000","11,975,400,000","13,006,400,000","13,918,500,000","14,490,000,000","15,818,600,000","9,481,700,000","8,430,900,000","9,191,500,000","8,785,800,000","7,969,100,000","7,429,600,000","6,885,100,000","6,425,900,000","7,075,500,000","6,999,500,000","6,206,100,000","6,049,000,000","6,192,000,000","8,226,000,000","8,857,000,000","9,439,000,000","3,428,000,000","3,259,000,000","2,317,300,000","2,057,700,000","1,873,700,000","1,437,900,000","1,607,500,000","1,965,700,000","1,672,200,000","1,122,400,000","1,031,400,000","872,100,000","670,100,000","733,100,000","379,900,000","468,800,000"
"Net Debt","14,514,700,000","12,512,100,000","11,120,400,000","11,051,000,000","11,106,800,000","11,861,700,000","14,040,000,000","15,419,600,000","8,715,600,000","7,667,200,000","8,857,300,000","7,918,500,000","7,227,700,000","6,958,400,000","6,265,500,000","5,752,700,000","6,325,700,000","6,338,500,000","5,789,000,000","5,402,000,000","5,619,000,000","7,475,000,000","8,154,000,000","8,464,000,000","3,364,000,000","3,233,000,000","2,313,400,000","2,051,300,000","1,860,900,000","1,417,300,000","1,594,500,000","1,965,500,000","1,572,200,000","1,121,900,000","991,600,000","871,400,000","659,500,000","718,500,000","200,200,000","278,500,000"
"Share Issued","754,613,328","754,600,000","754,600,000","754,600,000","754,600,000","754,600,000","754,600,000","754,600,000","754,600,000","754,600,000","754,600,000","754,600,000","754,600,000","754,600,000","754,600,000","754,600,000","754,600,000","754,600,000","984,376,158","712,000,000","738,000,000","758,000,000","740,000,000","735,513,970","570,400,000","570,800,000","608,000,000","619,200,000","639,600,000","636,000,000","631,600,000","634,000,000","642,000,000","662,000,000","660,400,000","652,800,000","652,856,000","669,240,000","705,856,000","717,344,000"
"Ordinary Shares Number","542,413,328","559,100,000","586,600,000","598,900,000","607,700,000","609,800,000","601,900,000","593,100,000","576,900,000","596,800,000","598,700,000","612,300,000","640,800,000","648,500,000","644,800,000","656,500,000","656,000,000","675,000,000","660,376,158","712,000,000","738,000,000","758,000,000","740,000,000","735,513,970","570,400,000","570,800,000","608,000,000","619,200,000","639,600,000","636,000,000","631,600,000","634,000,000","642,000,000","662,000,000","660,400,000","652,800,000","652,856,000","669,240,000","705,856,000","717,344,000"
"Treasury Shares Number","212,200,000","195,500,000","168,000,000","155,700,000","146,900,000","144,800,000","152,700,000","161,500,000","177,700,000","157,800,000","155,900,000","142,300,000","113,800,000","106,100,000","109,800,000","98,100,000","98,600,000","79,600,000","324,000,000",,,,,,,,,,,,,,,,,,,,,