name,ttm,12/31/2025,12/31/2024,12/31/2023,12/31/2022,12/31/2021,12/31/2020,12/31/2019,12/31/2018,12/31/2017,12/31/2016,12/31/2015,12/31/2014,12/31/2013,12/31/2012,12/31/2011,12/31/2010,12/31/2009,12/31/2008,12/31/2007,12/31/2006,12/31/2005,12/31/2004,12/31/2003,12/31/2002,12/31/2001,12/31/2000,12/31/1999,12/31/1998,12/31/1997,12/31/1996,12/31/1995,12/31/1994,12/31/1993,12/31/1992,12/31/1991,12/31/1990,12/31/1989,12/31/1988,12/31/1987,12/31/1986,12/31/1985
"Total Revenue","11,991,324,000","11,692,576,000","11,202,263,000","11,164,992,000","10,419,294,000","8,971,337,000","8,149,719,000","7,986,252,000","7,791,069,000","7,515,426,000","7,440,181,000","7,386,626,000","7,421,768,000","7,146,079,000","6,644,252,000","6,080,788,000","5,671,009,000","5,298,668,000","5,132,768,000","4,946,716,000","4,944,230,000","4,819,827,000","4,416,389,000","4,172,551,000","4,120,317,000","4,137,217,000","3,820,416,000","3,970,900,000","4,435,600,000","4,302,200,000","3,989,300,000","3,690,700,000","3,606,300,000","3,488,200,000","3,219,800,000","2,899,200,000","2,715,600,000","2,421,000,000","2,168,000,000","2,433,800,000","2,169,600,000","1,996,200,000"
"	Operating Revenue","11,991,324,000","11,692,576,000","11,202,263,000","11,164,992,000","10,419,294,000","8,971,337,000","8,149,719,000","7,986,252,000","7,791,069,000","7,515,426,000","7,440,181,000","7,386,626,000","7,421,768,000","7,146,079,000","6,644,252,000","6,080,788,000","5,671,009,000","5,298,668,000","5,132,768,000","4,946,716,000","4,944,230,000","4,819,827,000","4,416,389,000","4,172,551,000","4,120,317,000","4,137,217,000","3,820,416,000","3,970,900,000","4,435,600,000","4,302,200,000","3,989,300,000","3,690,700,000","3,606,300,000","3,488,200,000","3,219,800,000","2,899,200,000","2,715,600,000","2,421,000,000","2,168,000,000","2,433,800,000","2,169,600,000","1,996,200,000"
"Cost of Revenue","7,790,169,000","7,769,885,000","5,901,375,000","6,167,176,000","5,920,509,000","4,922,739,000","4,448,450,000","4,363,774,000","4,215,744,000","4,060,050,000","4,270,642,000","4,003,951,000","4,085,602,000","3,865,231,000","3,784,370,000","3,548,896,000","3,255,801,000","3,245,531,000","3,375,050,000","3,315,147,000","3,076,718,000","2,956,682,000","2,672,716,000","2,544,726,000","2,561,052,000","2,668,530,000","2,471,151,000","2,191,400,000","2,466,900,000","2,336,100,000","2,168,600,000","1,992,400,000","1,968,600,000","1,882,400,000","1,736,300,000","1,609,000,000","1,514,500,000","1,389,900,000","1,274,600,000","1,541,500,000","1,394,500,000","1,306,100,000"
"Gross Profit","4,201,155,000","3,922,691,000","5,300,888,000","4,997,816,000","4,498,785,000","4,048,598,000","3,701,269,000","3,622,478,000","3,575,325,000","3,455,376,000","3,169,539,000","3,382,675,000","3,336,166,000","3,280,848,000","2,859,882,000","2,531,892,000","2,415,208,000","2,053,137,000","1,757,718,000","1,631,569,000","1,867,512,000","1,863,145,000","1,743,673,000","1,627,825,000","1,559,265,000","1,468,687,000","1,349,265,000","1,779,500,000","1,968,700,000","1,966,100,000","1,820,700,000","1,698,300,000","1,637,700,000","1,605,800,000","1,483,500,000","1,290,200,000","1,201,100,000","1,031,100,000","893,400,000","892,300,000","775,100,000","690,100,000"
"Operating Expense","2,477,937,000","2,460,569,000","2,373,621,000","2,436,508,000","2,236,009,000","2,001,351,000","1,890,925,000","1,905,929,000","1,874,829,000","1,885,492,000","1,891,305,000","1,969,308,000","1,898,284,000","1,924,132,000","1,703,796,000","1,477,750,000","1,426,477,000","1,208,672,000","1,073,019,000","895,874,000","860,378,000","912,986,000","867,104,000","808,112,000","833,426,000","1,056,053,000","726,615,000","1,221,100,000","1,326,100,000","1,335,900,000","1,257,600,000","1,187,700,000","1,163,100,000","1,148,600,000","1,055,300,000","899,900,000","850,600,000","720,700,000","627,400,000","598,200,000","504,500,000","445,100,000"
"	Selling General and Administrative","2,477,937,000","2,460,569,000","2,373,621,000","2,436,508,000","2,236,009,000","2,001,351,000","1,890,925,000","1,905,929,000","1,874,829,000","1,885,492,000","1,891,305,000","1,969,308,000","1,898,284,000","1,924,132,000","1,703,796,000","1,477,750,000","1,426,477,000","1,208,672,000","1,073,019,000","895,874,000","860,378,000","912,986,000","867,104,000","816,442,000","833,426,000","846,976,000","726,615,000","1,057,800,000","1,167,900,000","1,183,100,000","1,124,100,000","1,053,800,000","1,034,100,000","1,035,500,000","958,200,000","814,500,000","776,700,000","655,000,000","575,500,000","527,600,000","445,500,000","395,500,000"
"		General & Administrative Expense",,,,"2,464,518,000","2,254,475,000","2,006,528,000",,,,,,,,,,,,,,,,,,,,,,,,,,,,,,,,,,,,
"			Salaries and Wages",,,,"28,010,000","18,466,000","5,177,000",,,,,,,,,,,,,,,,,,,,,,,,,,,,,,,,,,,,
"			Other G and A",,,,"2,436,508,000","2,236,009,000","2,001,351,000",,,,,,,,,,,,,,,,,,,,,,,,,,,,,,,,,,,,
"	Depreciation Amortization Depletion",,,,,,,,,,,,,,,,,,,,,,,,,,,,"163,300,000","158,200,000","152,800,000","133,500,000","133,900,000","129,000,000","113,100,000","97,100,000","85,400,000","73,900,000","65,700,000","51,900,000","70,600,000","59,000,000","49,600,000"
"		Depreciation & amortization",,,,,,,,,,,,,,,,,,,,,,,,,,,,"163,300,000","158,200,000","152,800,000","133,500,000","133,900,000","129,000,000","113,100,000","97,100,000","85,400,000","73,900,000","65,700,000","51,900,000","70,600,000","59,000,000","49,600,000"
"	Other Operating Expenses",,,,,,,,,,,,,,,,,,,,,,,,"-8,330,000",,"209,077,000",,,,,,,,,,,,,,,,
"Operating Income","1,723,218,000","1,462,122,000","2,927,267,000","2,561,308,000","2,262,776,000","2,047,247,000","1,810,344,000","1,716,549,000","1,700,496,000","1,569,884,000","1,278,234,000","1,413,367,000","1,437,882,000","1,356,716,000","1,156,086,000","1,054,142,000","988,731,000","844,465,000","684,699,000","735,695,000","1,007,134,000","950,159,000","876,569,000","819,713,000","725,839,000","412,634,000","622,650,000","558,400,000","642,600,000","630,200,000","563,100,000","510,600,000","474,600,000","457,200,000","428,200,000","390,300,000","350,500,000","310,400,000","266,000,000","294,100,000","270,600,000","245,000,000"
"Net Non Operating Interest Income Expense","-195,402,000","-190,206,000","-165,655,000","-151,785,000","-137,557,000","-127,417,000","-149,374,000","-144,125,000","-138,837,000","-98,282,000","-90,143,000","-77,447,000","-83,532,000","-88,356,000","-95,569,000","-92,183,000","-96,434,000","-90,459,000","-97,876,000","-118,585,000",,,,,,,,,,,,,,,,,,,,,,
"	Interest Income Non Operating","33,547,000","34,600,000","8,662,000","9,726,000","2,538,000","2,429,000","4,097,000","7,997,000","8,021,000","1,784,000","1,805,000","3,536,000","4,066,000","3,158,000","2,940,000","2,597,000","1,270,000","877,000","1,802,000","2,481,000",,,,,,,,,,,,,,,,,,,,,,
"	Interest Expense Non Operating","228,949,000","224,806,000","174,317,000","161,511,000","140,095,000","129,846,000","153,471,000","152,122,000","146,858,000","100,066,000","91,948,000","80,983,000","87,598,000","91,514,000","98,509,000","94,780,000","97,704,000","91,336,000","99,678,000","121,066,000",,,,,,,,,,,,,,,,,,,,,,
"Other Income Expense","-44,567,000","-57,708,000","-287,676,000","-237,659,000","-208,148,000","-122,606,000","-165,973,000","-191,640,000","-151,598,000","-360,934,000","-88,610,000","-434,073,000","-48,307,000","-17,041,000","-44,938,000","886,000","-83,433,000","-82,875,000","-94,801,000","-276,868,000","-14,576,000","-96,537,000",,"-15,027,000","-27,552,000","-209,077,000",,"243,800,000","3,000,000","2,900,000","-31,400,000","200,000","-106,100,000","80,600,000",,,"35,500,000",,,,,
"	Gain on Sale of Security",,,,,,,,,,,,,"-6,722,000",,,,,,,,,,,,,,,,,,,,,,,,,,,,,
"	Special Income Charges","-34,701,000","-45,077,000","-272,346,000","-210,925,000","-190,275,000","-117,281,000","-153,225,000","-171,054,000","-127,161,000","-322,684,000","-39,893,000","-433,473,000","-40,994,000","-18,665,000","-44,938,000","886,000","-83,433,000","-82,875,000","-94,801,000","-276,868,000","-14,576,000","-96,537,000",,"-15,027,000","-27,552,000","-209,077,000",,"243,800,000","3,000,000","2,900,000","-31,400,000","200,000","-106,100,000","80,600,000",,,"35,500,000",,,,,
"		Restructuring & Mergers Acquisition","10,218,000","20,594,000","29,035,000","441,000","1,989,000","3,525,000","18,503,000","8,112,000","19,103,000","47,763,000","-7,793,000","94,806,000","25,094,000","18,665,000","44,938,000","-886,000","83,433,000","82,875,000","94,801,000","276,868,000","14,576,000","96,537,000",,"23,357,000","27,552,000",,,,,,,,,,,,,,,,,
"		Impairment of Capital Assets",,,,,"0","0","9,143,000","112,485,000","57,729,000","208,712,000","4,204,000","280,802,000","15,900,000","0",,,,,,,,,,,,,,,,,,,,,,,,,,,,
"		Write Off","211,920,000","24,483,000","243,311,000","210,484,000","188,286,000","113,756,000","125,579,000","50,457,000","50,329,000","66,209,000","43,482,000","39,489,000","0","0",,,,,,,,,,,,,,,,,,,,,,,,,,,,
"		Other Special Charges",,,,,,,,,,,,"28,326,000",,,,,,,,,,,,"-8,330,000",,,,,,,,,,,,,,,,,,
"		Gain on Sale of PPE",,,,,,,,,,"0","0","9,950,000","0","0",,,,,,,,,,,,,,,,,,,,,,,,,,,,
"	Other Non Operating Income Expenses","-9,866,000","-12,631,000","-15,330,000","-26,734,000","-17,873,000","-5,325,000","-12,748,000","-20,586,000","-24,437,000","-38,250,000","-48,717,000","-600,000","-591,000","1,624,000",,,,,,,,,,,,,,,,,,,,,,,,,,,,
"Pretax Income","1,483,249,000","1,214,208,000","2,473,936,000","2,171,864,000","1,917,071,000","1,797,224,000","1,494,997,000","1,380,784,000","1,410,061,000","1,110,668,000","1,099,481,000","901,847,000","1,306,043,000","1,251,319,000","1,015,579,000","962,845,000","808,864,000","671,131,000","492,022,000","340,242,000","876,502,000","765,637,000","810,036,000","732,827,000","637,565,000","343,541,000","546,639,000","727,900,000","557,000,000","554,000,000","479,800,000","465,900,000","333,100,000","510,800,000","401,000,000","363,400,000","361,500,000","290,000,000","236,100,000","269,400,000","260,900,000","232,900,000"
"Tax Provision","389,088,000","330,949,000","252,697,000","310,077,000","272,254,000","314,405,000","219,584,000","234,032,000","239,010,000","354,131,000","379,437,000","388,896,000","459,131,000","430,849,000","354,648,000","333,883,000","299,065,000","235,137,000","180,617,000","126,088,000","317,441,000","277,090,000","235,399,000","267,875,000","233,987,000","136,385,000","212,096,000","267,600,000","216,100,000","217,700,000","206,600,000","184,000,000","148,900,000","213,600,000","158,400,000","143,900,000","145,600,000","118,900,000","91,600,000","121,200,000","128,100,000","112,300,000"
"Net Income Common Stockholders","1,094,161,000","883,259,000","2,221,239,000","1,861,787,000","1,644,817,000","1,477,512,000","1,278,708,000","1,149,692,000","1,177,562,000","782,981,000","720,044,000","512,951,000","846,912,000","820,470,000","660,931,000","628,962,000","509,799,000","435,994,000","311,405,000","214,154,000","559,061,000","488,547,000","574,637,000","457,584,000","403,578,000","207,156,000","334,543,000","460,300,000","340,900,000","336,300,000","273,200,000","281,900,000","184,200,000","193,300,000","242,600,000","219,500,000","215,900,000","171,100,000","213,900,000","148,200,000","132,800,000","112,100,000"
"	Net Income","1,094,161,000","883,259,000","2,221,239,000","1,861,787,000","1,644,817,000","1,477,512,000","1,278,708,000","1,149,692,000","1,177,562,000","782,981,000","720,044,000","512,951,000","846,912,000","820,470,000","660,931,000","628,962,000","509,799,000","435,994,000","311,405,000","214,154,000","559,061,000","488,547,000","574,637,000","457,584,000","403,578,000","207,156,000","334,543,000","460,300,000","340,900,000","336,300,000","273,200,000","281,900,000","184,200,000","193,300,000","242,600,000","219,500,000","215,900,000","171,100,000","213,900,000","148,200,000","132,800,000","112,100,000"
"		Net Income Including Non-Controlling Interests","1,094,161,000","883,259,000","2,221,239,000","1,861,787,000","1,644,817,000","1,482,819,000","1,275,413,000","1,146,752,000","1,171,051,000","756,537,000","720,044,000","512,951,000","846,912,000","820,470,000","660,931,000","628,962,000","509,799,000","435,994,000","311,405,000","214,154,000","559,061,000","488,547,000","574,637,000","457,584,000","403,578,000","207,156,000","334,543,000","460,300,000","340,900,000","336,300,000","273,200,000","281,900,000","184,200,000","193,300,000","242,600,000","219,500,000","215,900,000","171,100,000","213,900,000","148,200,000","132,800,000","112,100,000"
"			Net Income Continuous Operations","1,094,161,000","883,259,000","2,221,239,000","1,861,787,000","1,644,817,000","1,482,819,000","1,275,413,000","1,146,752,000","1,171,051,000","756,537,000","720,044,000","512,951,000","846,912,000","820,470,000","660,931,000","628,962,000","509,799,000","435,994,000","311,405,000","214,154,000","559,061,000","488,547,000","574,637,000","464,952,000","403,578,000","207,156,000","334,543,000","460,300,000","340,900,000","336,300,000","273,200,000","281,900,000","184,200,000","297,200,000","242,600,000","219,500,000","215,900,000","171,100,000","144,500,000","148,200,000","132,800,000","120,600,000"
"			Net Income Discontinuous Operations",,,,,,,,,,,,,,,,,,,,,,,,,,,,,,,,,,,,,,,"69,400,000",,,"-8,500,000"
"			Net Income Extraordinary",,,,,,,,,,,,,,,,,,,,,,,,"-7,368,000",,,,,,,,,,"-103,900,000",,,,,,,,
"		Minority Interests",,,,"0","0","-5,307,000","3,295,000","2,940,000","6,511,000","26,444,000","0","0",,,,,,,,,,,,,,,,,,,,,,,,,,,,,,
"Diluted NI Available to Com Stockholders","1,094,161,000","883,259,000","2,221,239,000","1,861,787,000","1,644,817,000","1,477,512,000","1,278,708,000","1,149,692,000","1,177,562,000","782,981,000","720,044,000","512,951,000","846,912,000","820,470,000","660,931,000","628,962,000","509,799,000","435,994,000","311,405,000","214,154,000","559,061,000","488,547,000","574,637,000","457,584,000","403,578,000","207,156,000","334,543,000","460,300,000","340,900,000","336,300,000","273,200,000","281,900,000","184,200,000","193,300,000","242,600,000","219,500,000","215,900,000","171,100,000","213,900,000","148,200,000","132,800,000","112,100,000"
"Basic EPS","5.51","4.46","11.22","9.31","8.22","7.34","6.3","5.64","5.76","3.79","3.45","2.4","3.91","3.76","3.01","2.78","2.24","1.91","1.37","0.94","2.44","2.05","2.31","1.74","1.48","0.76","1.227","1.645","1.19","1.125","0.885","0.85","0.53","0.535","0.67","0.605","0.595","0.475","0.59","0.41","0.355","0.295"
"Diluted EPS","5.37","4.34","10.92","9.06","7.96","7.11","6.11","5.46","5.58","3.66","3.34","2.32","3.54","3.61","2.89","2.74","2.21","1.9","1.36","0.93","2.34","1.97","2.24","1.73","1.465","0.75","1.18","1.63","1.17","1.115","0.875","0.85","0.53","0.535","0.67","0.605","0.595","0.475","0.59","0.41","0.355","0.295"
"Basic Average Shares","203,022,250","202,895,000","202,963,000","204,738,000","205,535,000","206,734,000","208,446,000","209,455,000","209,993,000","212,245,000","214,139,000","219,091,000","222,555,000","224,176,000","225,036,000","226,574,000","227,740,000","227,845,000","227,486,000","228,863,000","229,123,361","244,568,000","253,881,000","262,979,310","272,687,838","272,490,000","275,136,000","279,817,629","286,470,588","298,933,333","308,700,565","331,647,059","347,547,170","361,308,411","362,089,552","362,809,917","362,857,143","360,210,526","362,542,373","361,463,415","374,084,507","380,000,000"
"Diluted Average Shares","203,576,500","203,379,000","203,487,000","205,547,000","206,575,000","207,758,000","270,028,000","271,316,000","210,989,000","213,742,000","215,304,000","220,651,000","224,837,000","227,203,000","228,337,000","229,919,000","230,313,000","228,995,000","228,697,000","231,449,000","238,914,957","248,292,000","256,934,000","264,499,422","275,479,863","275,392,000","283,511,017","282,392,638","291,367,521","301,614,350","312,228,571","338,653,846","347,547,170","361,308,411","362,089,552","362,809,917","362,857,143","360,210,526","362,542,373","361,463,415","374,084,507","380,000,000"
"Total Operating Income as Reported","1,713,000,000","1,441,528,000","2,898,232,000","2,560,867,000","2,260,787,000","2,043,722,000","1,782,698,000","1,595,952,000","1,623,664,000","1,313,409,000","1,255,173,000","1,037,759,000","1,392,261,000","1,338,051,000",,"1,055,028,000","905,298,000","761,590,000","589,898,000","458,827,000","992,558,000","853,622,000","876,569,000","796,356,000","698,287,000","412,634,000","622,650,000","558,400,000","642,600,000","630,200,000","563,100,000","510,600,000","474,600,000","457,200,000","428,200,000","390,300,000","350,500,000","310,400,000","266,000,000","294,100,000","270,600,000","245,000,000"
"Total Expenses","10,268,106,000","10,230,454,000","8,274,996,000","8,603,684,000","8,156,518,000","6,924,090,000","6,339,375,000","6,269,703,000","6,090,573,000","5,945,542,000","6,161,947,000","5,973,259,000","5,983,886,000","5,789,363,000","5,488,166,000","5,026,646,000","4,682,278,000","4,454,203,000","4,448,069,000","4,211,021,000","3,937,096,000","3,869,668,000","3,539,820,000","3,352,838,000","3,394,478,000","3,724,583,000","3,197,766,000","3,412,500,000","3,793,000,000","3,672,000,000","3,426,200,000","3,180,100,000","3,131,700,000","3,031,000,000","2,791,600,000","2,508,900,000","2,365,100,000","2,110,600,000","1,902,000,000","2,139,700,000","1,899,000,000","1,751,200,000"
"Net Income from Continuing & Discontinued Operation","1,094,161,000","883,259,000","2,221,239,000","1,861,787,000","1,644,817,000","1,477,512,000","1,278,708,000","1,149,692,000","1,177,562,000","782,981,000","720,044,000","512,951,000","846,912,000","820,470,000","660,931,000","628,962,000","509,799,000","435,994,000","311,405,000","214,154,000","559,061,000","488,547,000","574,637,000","464,952,000","403,578,000","207,156,000","334,543,000","460,300,000","340,900,000","336,300,000","273,200,000","281,900,000","184,200,000","297,200,000","242,600,000","219,500,000","215,900,000","171,100,000","213,900,000","148,200,000","132,800,000","112,100,000"
"Normalized Income","1,119,759,184.028","916,049,647.025","2,465,766,569.304","2,042,549,725","1,808,072,950","1,574,268,825","1,409,408,925","1,291,837,874","1,283,105,630","1,002,728,804","746,173,915","773,034,800","877,831,968","832,714,240","690,185,638","628,383,442","562,361,790","489,832,971.453","371,405,376.823","388,419,345.466","568,358,038.838","550,146,506.997","574,637,000","474,486,083.357","421,018,388.127","333,229,903.878","334,543,000","306,128,905.069","340,900,000","334,539,584.838","292,040,000","281,778,986.907","247,860,000","248,840,000","242,600,000","219,500,000","194,600,000","171,100,000","144,500,000","148,200,000","132,800,000","120,600,000"
"Interest Income","33,547,000","34,600,000","8,662,000","9,726,000","2,538,000","2,429,000","4,097,000","7,997,000","8,021,000","1,784,000","1,805,000","3,536,000","4,066,000","3,158,000","2,940,000","2,597,000","1,270,000","877,000","1,802,000","2,481,000",,,,,,,,,,,,,,,,,,,,,,
"Interest Expense","228,949,000","224,806,000","174,317,000","161,511,000","140,095,000","129,846,000","153,471,000","152,122,000","146,858,000","100,066,000","91,948,000","80,983,000","87,598,000","91,514,000","98,509,000","94,780,000","97,704,000","91,336,000","99,678,000","121,066,000",,,,,,,,,,,,,,,,,,,,,,
"Net Interest Income","-195,402,000","-190,206,000","-165,655,000","-151,785,000","-137,557,000","-127,417,000","-149,374,000","-144,125,000","-138,837,000","-98,282,000","-90,143,000","-77,447,000","-83,532,000","-88,356,000","-95,569,000","-92,183,000","-96,434,000","-90,459,000","-97,876,000","-118,585,000",,,,,,,,,,,,,,,,,,,,,,
"EBIT","1,712,198,000","1,439,014,000","2,648,253,000","2,333,375,000","2,057,166,000","1,927,070,000","1,648,468,000","1,532,906,000","1,556,919,000","1,210,734,000","1,191,429,000","982,830,000","1,393,641,000","1,342,833,000","1,114,088,000","1,057,625,000","906,568,000","762,467,000","591,700,000","461,308,000","1,007,134,000","950,159,000","876,569,000","819,713,000","725,839,000","412,634,000","622,650,000","558,400,000","642,600,000","630,200,000","563,100,000","510,600,000","474,600,000","457,200,000","428,200,000","390,300,000","350,500,000","310,400,000","266,000,000","294,100,000","270,600,000","245,000,000"
"EBITDA","2,229,337,000","1,942,715,000","3,103,508,000","2,753,190,000","2,436,125,000","2,242,072,000","1,943,375,000","1,824,450,000","1,852,063,000","1,472,587,000","1,493,266,000","1,227,758,000","1,605,173,000","1,543,866,000","1,324,125,000","1,273,388,000","1,103,684,000","944,878,000","841,191,000","772,233,000","1,207,045,000","1,168,191,000","1,066,234,000","1,000,280,000","903,747,000","603,128,000","798,614,000","721,700,000","800,800,000","783,000,000","696,600,000","644,500,000","603,600,000","570,300,000","525,300,000","475,700,000","424,400,000","376,100,000","317,900,000","364,700,000","329,600,000","294,600,000"
"Reconciled Cost of Revenue","7,790,169,000","7,769,885,000","5,901,375,000","6,167,176,000","5,920,509,000","4,922,739,000","4,448,450,000","4,363,774,000","4,215,744,000","4,060,050,000","4,270,642,000","4,003,951,000","4,085,602,000","3,865,231,000","3,784,370,000","3,548,896,000","3,255,801,000","3,245,531,000","3,375,050,000","3,315,147,000","3,076,718,000","2,956,682,000","2,672,716,000","2,544,726,000","2,561,052,000","2,668,530,000","2,471,151,000","2,191,400,000","2,466,900,000","2,336,100,000","2,168,600,000","1,992,400,000","1,968,600,000","1,882,400,000","1,736,300,000","1,609,000,000","1,514,500,000","1,389,900,000","1,274,600,000","1,541,500,000","1,394,500,000","1,306,100,000"
"Reconciled Depreciation","517,139,000","503,701,000","455,255,000","419,815,000","378,959,000","315,002,000","294,907,000","291,544,000","295,144,000","261,853,000","301,837,000","244,928,000","211,532,000","201,033,000","210,037,000","215,763,000","197,116,000","182,411,000","249,491,000","310,925,000","199,911,000","218,032,000","189,665,000","180,567,000","177,908,000","190,494,000","175,964,000","163,300,000","158,200,000","152,800,000","133,500,000","133,900,000","129,000,000","113,100,000","97,100,000","85,400,000","73,900,000","65,700,000","51,900,000","70,600,000","59,000,000","49,600,000"
"Net Income from Continuing Operation Net Minority Interest","1,094,161,000","883,259,000","2,221,239,000","1,861,787,000","1,644,817,000","1,477,512,000","1,278,708,000","1,149,692,000","1,177,562,000","782,981,000","720,044,000","512,951,000","846,912,000","820,470,000","660,931,000","628,962,000","509,799,000","435,994,000","311,405,000","214,154,000","559,061,000","488,547,000","574,637,000","464,952,000","403,578,000","207,156,000","334,543,000","460,300,000","340,900,000","336,300,000","273,200,000","281,900,000","184,200,000","297,200,000","242,600,000","219,500,000","215,900,000","171,100,000","144,500,000","148,200,000","132,800,000","120,600,000"
"Total Unusual Items Excluding Goodwill","-34,701,000","-45,077,000","-272,346,000","-210,925,000","-190,275,000","-117,281,000","-153,225,000","-171,054,000","-127,161,000","-322,684,000","-39,893,000","-433,473,000","-47,716,000","-18,665,000","-44,938,000","886,000","-83,433,000","-82,875,000","-94,801,000","-276,868,000","-14,576,000","-96,537,000",,"-15,027,000","-27,552,000","-209,077,000",,"243,800,000","3,000,000","2,900,000","-31,400,000","200,000","-106,100,000","80,600,000",,,"35,500,000",,,,,
"Total Unusual Items","-34,701,000","-45,077,000","-272,346,000","-210,925,000","-190,275,000","-117,281,000","-153,225,000","-171,054,000","-127,161,000","-322,684,000","-39,893,000","-433,473,000","-47,716,000","-18,665,000","-44,938,000","886,000","-83,433,000","-82,875,000","-94,801,000","-276,868,000","-14,576,000","-96,537,000",,"-15,027,000","-27,552,000","-209,077,000",,"243,800,000","3,000,000","2,900,000","-31,400,000","200,000","-106,100,000","80,600,000",,,"35,500,000",,,,,
"Normalized EBITDA","2,264,038,000","1,987,792,000","3,375,854,000","2,964,115,000","2,626,400,000","2,359,353,000","2,096,600,000","1,995,504,000","1,979,224,000","1,795,271,000","1,533,159,000","1,661,231,000","1,652,889,000","1,562,531,000","1,369,063,000","1,272,502,000","1,187,117,000","1,027,753,000","935,992,000","1,049,101,000","1,221,621,000","1,264,728,000","1,066,234,000","1,015,307,000","931,299,000","812,205,000","798,614,000","477,900,000","800,800,000","780,100,000","728,000,000","644,300,000","709,700,000","489,700,000","525,300,000","475,700,000","388,900,000","376,100,000","317,900,000","364,700,000","329,600,000","294,600,000"
"Tax Rate for Calcs","0.262","0.273","0.102","0.143","0.142","0.175","0.147","0.169","0.17","0.319","0.345","0.4","0.352","0.344","0.349","0.347","0.37","0.35","0.367","0.371","0.362","0.362","0.291","0.366","0.367","0.397","0.388","0.368","0.388","0.393","0.4","0.395","0.4","0.4","0.395","0.396","0.4","0.4","0.388","0.4","0.4","0.4"
"Tax Effect of Unusual Items","-9,102,815.972","-12,286,352.975","-27,818,430.696","-30,162,275","-27,019,050","-20,524,175","-22,524,075","-28,908,126","-21,617,370","-102,936,196","-13,763,085","-173,389,200","-16,796,032","-6,420,760","-15,683,362","307,442","-30,870,210","-29,036,028.547","-34,800,623.177","-102,602,654.534","-5,278,961.162","-34,937,493.003","0","-5,492,916.643","-10,111,611.873","-83,003,096.122","0","89,628,905.069","0","1,139,584.838","-12,560,000","78,986.907","-42,440,000","32,240,000","0","0","14,200,000","0","0","0","0","0"