name,12/31/2025,12/31/2024,12/31/2023,12/31/2022,12/31/2021,12/31/2020,12/31/2019,12/31/2018,12/31/2017,12/31/2016,12/31/2015,12/31/2014,12/31/2013,12/31/2012,12/31/2011,12/31/2010,12/31/2009,12/31/2008,12/31/2007,12/31/2006,12/31/2005,12/31/2004,12/31/2003,12/31/2002,12/31/2001,12/31/2000,12/31/1999,12/31/1998,12/31/1997,12/31/1996,12/31/1995,12/31/1994,12/31/1993,12/31/1992,12/31/1991,12/31/1990,12/31/1989,12/31/1988,12/31/1987,12/31/1986,12/31/1985
"Total Assets","13,741,297,000","12,946,861,000","11,902,941,000","10,948,820,000","10,412,231,000","9,131,845,000","8,140,395,000","7,703,020,000","5,553,726,000","5,524,333,000","5,344,371,000","5,622,870,000","5,357,488,000","4,754,839,000","4,407,094,000","4,272,732,000","3,675,031,000","3,634,719,000","4,247,113,000","4,157,565,000","4,262,699,000","3,812,784,000","3,582,540,000","3,480,551,000","3,247,430,000","3,447,764,000","3,346,700,000","3,404,100,000","3,291,200,000","3,184,800,000","2,830,600,000","2,891,000,000","2,855,100,000","2,672,900,000","2,341,800,000","2,078,800,000","1,814,100,000","1,764,700,000","1,645,200,000","1,356,300,000","1,197,400,000"
"	Current Assets","3,588,899,000","3,759,457,000","2,912,103,000","2,620,406,000","2,246,206,000","2,977,905,000","2,117,102,000","2,239,181,000","2,001,910,000","1,816,778,000","1,848,598,000","2,247,047,000","2,487,334,000","2,113,485,000","2,046,558,000","2,005,217,000","1,385,434,000","1,344,945,000","1,426,574,000","1,417,812,000","1,376,403,000","1,197,694,000","1,131,569,000","1,263,618,000","1,167,541,000","1,295,348,000","1,280,000,000","1,134,000,000","1,034,800,000","986,200,000","922,300,000","948,700,000","889,000,000","940,000,000","744,500,000","661,800,000","567,600,000","619,100,000","484,900,000","393,400,000","412,300,000"
"		Cash, Cash Equivalents & Short Term Investments","925,859,000","730,746,000","401,902,000","463,889,000","329,266,000","1,143,987,000","493,262,000","587,998,000","380,179,000","296,967,000","346,529,000","471,985,000","1,118,508,000","728,272,000","693,686,000","884,642,000","253,605,000","37,103,000","129,198,000","97,141,000","67,183,000","54,837,000","114,793,000","297,743,000","134,147,000","31,969,000","118,100,000","39,000,000","54,200,000","61,400,000","32,300,000","26,700,000","16,000,000","24,100,000","71,100,000","26,600,000","52,500,000","70,100,000","15,000,000","27,600,000","110,600,000"
"			Cash And Cash Equivalents","925,859,000","730,746,000","401,902,000","463,889,000","329,266,000","1,143,987,000","493,262,000","587,998,000","380,179,000","296,967,000","346,529,000","374,854,000","1,118,508,000","728,272,000","693,686,000","884,642,000","253,605,000","37,103,000","129,198,000","97,141,000","67,183,000","54,837,000","114,793,000","297,743,000","134,147,000","31,969,000","118,100,000","39,000,000","54,200,000","61,400,000","32,300,000","26,700,000","16,000,000","24,100,000","71,100,000","26,600,000","52,500,000","70,100,000","15,000,000","27,600,000","110,600,000"
"			Other Short Term Investments",,,,,,,,,,,"0","97,131,000","0",,,,,,,,,,,,,,,,,,,,,,,,,,,,
"		Receivables","729,547,000","800,402,000","823,617,000","711,203,000","671,464,000","615,233,000","568,509,000","594,145,000","588,262,000","581,381,000","599,073,000","596,940,000","477,912,000","461,383,000","399,499,000","390,061,000","410,390,000","455,153,000","487,285,000","522,673,000","507,119,000","408,930,000","407,612,000","370,976,000","361,726,000","379,680,000","352,800,000","451,300,000","360,800,000","294,600,000","326,000,000","331,700,000","295,000,000","173,600,000","159,800,000","143,000,000","121,900,000","166,800,000","121,500,000","77,400,000","76,600,000"
"			Accounts receivable","729,547,000","800,402,000","823,617,000","711,203,000","671,464,000","615,233,000","568,509,000","594,145,000","588,262,000","581,381,000","599,073,000","596,940,000","477,912,000","461,383,000","399,499,000","390,061,000","410,390,000","455,153,000","487,285,000","522,673,000","507,119,000","408,930,000","407,612,000","370,976,000","361,726,000","379,680,000",,,,,,,,,,,,,,,
"				Gross Accounts Receivable","749,591,000","840,889,000","855,280,000","737,204,000","700,301,000","640,208,000","593,475,000","618,755,000",,,,,,,,,,,,,,,,,,,,,,,,,,,,,,,,,
"				Allowance For Doubtful Accounts Receivable","-20,044,000","-40,487,000","-31,663,000","-26,001,000","-28,837,000","-24,975,000","-24,966,000","-24,610,000",,,,,,,,,,,,,,,,,,,,,,,,,,,,,,,,,
"		Inventory","1,429,254,000","1,254,094,000","1,340,996,000","1,173,119,000","988,511,000","964,207,000","815,251,000","784,879,000","752,836,000","745,678,000","750,970,000","801,036,000","659,541,000","633,262,000","648,953,000","533,622,000","519,712,000","592,530,000","600,185,000","648,820,000","634,910,000","557,180,000","492,859,000","503,291,000","512,134,000","605,173,000","602,200,000","493,200,000","505,500,000","475,000,000","397,600,000","445,700,000","453,400,000","457,200,000","436,900,000","379,100,000","309,800,000","308,800,000","285,400,000","237,500,000","192,700,000"
"			Raw Materials","762,391,000","477,592,000","481,111,000","372,612,000","395,358,000","388,600,000","271,125,000","237,086,000","224,940,000","315,239,000","353,451,000","377,620,000","226,978,000","256,969,000","241,812,000","209,058,000","246,572,000","215,309,000","199,460,000","214,335,000","202,826,000","166,813,000","158,859,000","154,893,000",,,,,,,,,,,,,,,,,
"			Work in Process","294,374,000","204,674,000","192,232,000","137,298,000","110,008,000","104,841,000","98,842,000","107,139,000","93,627,000","88,490,000","67,745,000","63,916,000","79,861,000","78,292,000","91,956,000","73,068,000","84,000,000","95,986,000","80,282,000","94,740,000","92,923,000","70,440,000","53,744,000","53,814,000",,,,,,,,,,,,,,,,,
"			Finished Goods","1,074,690,000","990,785,000","948,974,000","855,217,000","649,082,000","645,664,000","614,698,000","618,798,000","614,945,000","528,587,000","534,983,000","531,608,000","517,968,000","496,981,000","482,095,000","404,666,000","376,573,000","419,016,000","407,058,000","418,250,000","410,424,000","384,094,000","327,415,000","347,677,000",,,,,,,,,,,,,,,,,
"			Inventories Adjustments Allowances","-702,201,000","-418,957,000","-281,321,000","-192,008,000","-165,937,000","-174,898,000","-169,414,000","-178,144,000","-180,676,000","-186,638,000","-205,209,000","-172,108,000","-165,266,000","-198,980,000","-166,910,000","-153,170,000","-187,433,000","-137,781,000","-86,615,000","-78,505,000","-71,263,000","-64,167,000","-47,159,000","-53,093,000",,,,,,,,,,,,,,,,,
"		Prepaid Assets","201,527,000","269,792,000","227,567,000","143,888,000","129,287,000","95,669,000","84,058,000","68,490,000","128,735,000","192,752,000","152,026,000","276,571,000","178,862,000","168,344,000","167,559,000","141,132,000","161,859,000","189,256,000","126,238,000","87,818,000","93,988,000","114,991,000","103,020,000","91,608,000","62,595,000",,,,,,,,,,,,,,,,
"		Current Deferred Assets",,,,,,,,,,,,"100,515,000","52,511,000","122,224,000","136,861,000","55,760,000","39,868,000","70,903,000","83,668,000","61,360,000","73,203,000","61,756,000","13,285,000",,"96,939,000",,,,,,,,,,,,,,,,
"			Current Deferred Taxes Assets",,,,,,,,,,,,"100,515,000","52,511,000","122,224,000","136,861,000","55,760,000","39,868,000","70,903,000","83,668,000","61,360,000","73,203,000","61,756,000","13,285,000",,"96,939,000",,,,,,,,,,,,,,,,
"		Assets Held for Sale Current",,,,,,"158,809,000","156,022,000","23,421,000","21,124,000",,,,,,,,,,,,,,,,,,,,,,,,,,,,,,,,
"		Other Current Assets","302,712,000","704,423,000","118,021,000","128,307,000","127,678,000","158,809,000","156,022,000","180,248,000","130,774,000","192,752,000","152,026,000","276,571,000","178,862,000","168,344,000","167,559,000",,,,,,,,,,,"278,526,000","206,900,000","150,500,000","114,300,000","155,200,000","166,400,000","144,600,000","124,600,000","285,100,000","76,700,000","113,100,000","83,400,000","73,400,000","63,000,000","50,900,000","32,400,000"
"	Total non-current assets","10,152,398,000","9,187,404,000","8,990,838,000","8,328,414,000","8,166,025,000","6,153,940,000","6,023,293,000","5,463,839,000","3,551,816,000","3,707,555,000","3,495,773,000","3,375,823,000","2,870,154,000","2,641,354,000","2,360,536,000","2,267,515,000","2,289,597,000","2,289,774,000","2,820,539,000","2,739,753,000","2,886,296,000","2,615,090,000","2,450,971,000","2,216,933,000","2,079,889,000","2,152,416,000","2,066,700,000","2,270,100,000","2,256,400,000","2,198,600,000","1,908,300,000","1,942,300,000","1,966,100,000","1,732,900,000","1,597,300,000","1,417,000,000","1,246,500,000","1,145,600,000","1,160,300,000","962,900,000","785,100,000"
"		Net PPE","3,854,953,000","3,796,592,000","3,617,654,000","3,096,174,000","2,937,899,000","2,509,523,000","2,373,817,000","2,130,294,000","2,106,697,000","2,177,248,000","2,240,460,000","2,151,901,000","1,805,345,000","1,674,071,000","1,559,717,000","1,437,702,000","1,404,767,000","1,458,949,000","1,539,715,000","1,651,300,000","1,659,138,000","1,682,698,000","1,661,939,000","1,486,055,000","1,534,901,000","1,585,388,000","1,510,500,000","1,648,100,000","1,648,200,000","1,601,900,000","1,436,000,000","1,468,400,000","1,460,900,000","1,296,000,000","1,145,700,000","952,100,000","829,900,000","736,000,000","863,000,000","793,300,000","701,800,000"
"			Gross PPE","7,468,143,000","7,150,550,000","6,757,047,000","6,035,959,000","5,752,669,000","5,189,155,000","4,955,081,000","4,581,671,000","4,460,723,000","4,575,038,000","4,517,303,000","4,328,607,000","3,779,394,000","3,560,626,000","3,588,558,000","3,324,763,000","3,242,868,000","3,437,420,000","3,606,443,000","3,597,756,000","3,458,416,000","3,369,202,000","3,227,023,000","2,903,019,000","2,900,756,000","2,647,188,000","2,572,300,000","2,702,800,000","2,587,200,000","2,422,700,000","2,190,400,000","2,123,500,000","2,041,800,000","1,779,900,000","1,581,300,000","1,323,600,000","1,150,300,000","1,018,900,000","1,260,300,000","1,131,100,000","998,200,000"
"				Properties","0","0","0","0","0","0","0","0","0","0","0","0","0","0","0","0","0","0","0","0","0","0","0","0","0",,,,,,,,,,,,,,,,
"				Land And Improvements","199,559,000","194,502,000","180,751,000","155,963,000","154,494,000","131,513,000","105,627,000","102,074,000","108,300,000","103,865,000","96,666,000","95,913,000","96,334,000","92,916,000","92,495,000","71,060,000","70,388,000","70,226,000","86,596,000","86,734,000","81,672,000","84,563,000","78,744,000","54,181,000","54,432,000",,,,,,,,,,,,,,,,
"				Buildings And Improvements","2,102,794,000","1,991,937,000","1,763,070,000","1,545,053,000","1,508,139,000","1,387,106,000","1,298,985,000","1,211,011,000","1,214,158,000","1,238,634,000","1,084,958,000","1,031,050,000","882,508,000","878,527,000","895,859,000","843,094,000","807,155,000","805,736,000","788,267,000","746,198,000","699,899,000","688,642,000","633,362,000","537,473,000","533,662,000",,,,,,,,,,,,,,,,
"				Machinery Furniture Equipment","4,515,447,000","4,147,530,000","3,861,006,000","3,592,251,000","3,443,500,000","3,169,754,000","3,120,003,000","2,988,027,000","2,925,353,000","3,001,552,000","2,886,723,000","2,863,559,000","2,527,420,000","2,589,183,000","2,600,204,000","2,410,609,000","2,365,325,000","2,561,458,000","2,731,580,000","2,764,824,000","2,676,845,000","2,595,997,000","2,514,917,000","2,311,365,000","2,312,662,000",,,,,,,,,,,,,,,,
"				Other Properties","325,345,000","337,739,000","307,976,000","326,472,000","351,712,000","224,268,000","220,678,000",,,,,,,,,,,,,,,,,,,,,,,,,,,,,,,,,,
"				Construction in Progress","324,998,000","478,842,000","644,244,000","416,220,000","294,824,000","276,514,000","209,788,000","280,559,000","212,912,000","230,987,000","448,956,000","338,085,000","273,132,000",,,,,,,,,,,,,,,,,,,,,,,,,,,,
"			Accumulated Depreciation","-3,613,190,000","-3,353,958,000","-3,139,393,000","-2,939,785,000","-2,814,770,000","-2,679,632,000","-2,581,264,000","-2,451,377,000","-2,354,026,000","-2,397,790,000","-2,276,843,000","-2,176,706,000","-1,974,049,000","-1,886,555,000","-2,028,841,000","-1,887,061,000","-1,838,101,000","-1,978,471,000","-2,066,728,000","-1,946,456,000","-1,799,278,000","-1,686,504,000","-1,565,084,000","-1,416,964,000","-1,365,855,000","-1,061,800,000","-1,061,800,000","-1,054,700,000","-939,000,000","-820,800,000","-754,400,000","-655,100,000","-580,900,000","-483,900,000","-435,600,000","-371,500,000","-320,400,000","-282,900,000","-397,300,000","-337,800,000","-296,400,000"
"		Goodwill And Other Intangible Assets","5,822,988,000","4,946,706,000","4,935,484,000","4,893,259,000","4,931,418,000","3,471,102,000","3,480,963,000","3,205,774,000","1,295,098,000","1,400,382,000","1,131,561,000","1,151,048,000","828,307,000","802,716,000","628,658,000","647,214,000","697,100,000","665,449,000","740,575,000","642,269,000","629,964,000","589,180,000","427,471,000","418,351,000","429,128,000","474,448,000","450,200,000","530,500,000","551,800,000","566,000,000","428,700,000","453,600,000","473,400,000","399,800,000","421,700,000","417,600,000","373,400,000","371,300,000","261,600,000","149,000,000","66,200,000"
"			Goodwill","2,996,005,000","2,705,753,000","2,696,050,000","2,606,956,000","2,633,174,000","1,988,215,000","1,985,955,000","1,801,103,000","821,061,000","812,344,000","684,252,000","792,955,000","576,561,000","588,003,000","516,745,000","524,134,000","571,580,000","554,677,000","584,713,000","501,955,000",,,,,,,,,,,,,,,,,,,,,
"			Other Intangible Assets","2,826,983,000","2,240,953,000","2,239,434,000","2,286,303,000","2,298,244,000","1,482,887,000","1,495,008,000","1,404,671,000","474,037,000","588,038,000","447,309,000","358,093,000","251,746,000","214,713,000","111,913,000","123,080,000","125,520,000","110,772,000","155,862,000","140,314,000","629,964,000","589,180,000","427,471,000","418,351,000","429,128,000","474,448,000","450,200,000","530,500,000","551,800,000","566,000,000","428,700,000","453,600,000","473,400,000","399,800,000","421,700,000","417,600,000","373,400,000","371,300,000","261,600,000","149,000,000","66,200,000"
"		Investments And Advances","176,567,000","212,928,000","207,177,000","133,029,000","93,089,000","52,351,000",,,,,,,,,,,,,,,,,,,,,,,,,,,,,,,,,,,
"			Long Term Equity Investment","176,567,000","212,928,000","207,177,000","133,029,000","93,089,000","52,351,000",,,,,,,,,,,,,,,,,,,,,,,,,,,,,,,,,,,
"				Investments in Associatesat Cost",,,,,"93,089,000","52,351,000",,,,,,,,,,,,,,,,,,,,,,,,,,,,,,,,,,,
"		Non Current Accounts Receivable",,,,,,,,,,"1,449,000","1,428,000","1,568,000","63,863,000",,,,,,,,,,,,,,,,,,,,,,,,,,,,
"		Non Current Deferred Assets","27,802,000","37,065,000","44,454,000","40,498,000","40,873,000","29,369,000","31,033,000","1,166,000","3,023,000","56,861,000","36,390,000","0","0","12,448,000","33,439,000","21,387,000","4,353,000","13,815,000","0",,,,,,,,,,,,,,,,,,,,,,
"			Non Current Deferred Taxes Assets","27,802,000","37,065,000","44,454,000","40,498,000","40,873,000","29,369,000","31,033,000","1,166,000","3,023,000","56,861,000","36,390,000","0","0","12,448,000","33,439,000","21,387,000","4,353,000","13,815,000","0",,,,,,,,,,,,,,,,,,,,,,
"		Defined Pension Benefit","64,520,000","41,298,000","48,506,000","53,495,000","71,618,000","8,308,000",,,,,"0","25,000","32,804,000",,,,,,,,,,,,,,,,,,,,,,,,,,,,
"		Other Non Current Assets","205,568,000","152,815,000","137,563,000","111,959,000","91,128,000","83,287,000","137,480,000","126,605,000","146,998,000","71,615,000","85,934,000","71,281,000","139,835,000","152,119,000","138,722,000","161,212,000","183,377,000","151,561,000","540,249,000","446,184,000","597,194,000","343,212,000","361,561,000","312,527,000","115,860,000","92,580,000","106,000,000","91,500,000","56,400,000","30,700,000","43,600,000","20,300,000","31,800,000","37,100,000","29,900,000","47,300,000","43,200,000","38,300,000","35,700,000","20,600,000","17,100,000"
"Total Liabilities Net Minority Interest","9,104,547,000","8,232,207,000","7,803,855,000","7,649,276,000","7,655,002,000","6,893,962,000","6,395,401,000","6,295,754,000","4,622,161,000","4,696,646,000","4,296,909,000","4,103,340,000","3,741,436,000","3,706,466,000","3,526,151,000","3,335,131,000","2,914,692,000","3,284,775,000","3,623,593,000","3,474,142,000","3,246,319,000","2,675,682,000","2,302,674,000","2,108,848,000","2,100,226,000","2,272,728,000","2,248,100,000","2,361,800,000","2,438,400,000","2,023,800,000","1,747,600,000","1,449,900,000","1,442,800,000","1,207,600,000","1,006,500,000","835,300,000","697,000,000","758,800,000","812,800,000","628,400,000","469,500,000"
"	Current Liabilities","3,011,896,000","3,929,495,000","3,008,352,000","3,257,154,000","2,493,313,000","1,891,745,000","2,008,793,000","2,418,566,000","2,076,543,000","1,909,443,000","2,217,912,000","1,935,647,000","1,408,022,000","1,471,110,000","1,173,775,000","1,298,845,000","910,628,000","1,270,212,000","1,618,770,000","1,453,538,000","1,490,382,000","1,282,471,000","585,810,000","546,846,000","606,444,000","766,901,000","712,800,000","814,800,000","795,700,000","817,300,000","864,400,000","796,200,000","813,800,000","736,900,000","470,700,000","341,300,000","285,800,000","345,400,000","299,800,000","222,100,000","195,300,000"
"		Payables And Accrued Expenses","2,240,440,000","1,976,918,000","1,948,961,000","1,777,999,000","1,514,754,000","1,342,297,000","1,243,912,000","1,214,654,000","1,217,086,000","1,276,729,000","1,354,476,000","1,300,146,000","1,241,147,000","1,095,212,000","1,034,102,000","794,012,000","871,315,000","768,708,000","762,378,000","609,540,000","671,267,000","660,151,000","573,301,000","493,954,000","595,950,000","149,232,000","136,600,000","156,900,000","146,900,000","134,200,000","127,100,000","115,400,000","125,700,000","127,200,000","137,900,000","127,600,000","102,200,000",,,,
"			Payables","1,319,426,000","1,210,213,000","1,115,640,000","977,268,000","695,408,000","597,109,000","570,749,000","536,087,000","540,952,000","525,743,000","569,534,000","585,517,000","541,425,000","444,306,000","421,916,000","420,057,000","287,935,000","249,454,000","223,019,000","155,517,000","167,812,000","148,686,000","132,222,000","124,507,000","133,049,000","149,232,000","136,600,000","156,900,000","146,900,000","134,200,000","127,100,000","115,400,000","125,700,000","127,200,000","137,900,000","127,600,000","102,200,000",,,,
"				Accounts Payable","831,204,000","807,918,000","630,536,000","970,558,000","692,338,000","580,058,000","550,828,000","502,314,000","523,229,000","522,536,000","474,266,000","482,017,000","461,514,000","441,977,000","420,017,000","410,655,000","287,935,000","249,454,000","223,019,000","155,517,000","167,812,000","148,686,000","132,222,000","124,507,000","133,049,000","149,232,000","136,600,000","156,900,000","146,900,000","134,200,000","127,100,000","115,400,000","125,700,000","127,200,000","137,900,000","127,600,000","102,200,000",,,,
"				Total Tax Payable","63,725,000","51,036,000","29,457,000","6,710,000","3,070,000","17,051,000","19,921,000","33,773,000","17,723,000","3,207,000","23,243,000","4,616,000","79,911,000","2,329,000","1,899,000","9,402,000",,,,,,,,,,,,,,,,,,,,,,,,,
"					Income Tax Payable","63,725,000","51,036,000","29,457,000","6,710,000","3,070,000","17,051,000","19,921,000","33,773,000","17,723,000","3,207,000","23,243,000","4,616,000","79,911,000","2,329,000","1,899,000","9,402,000",,,,,,,,,,,,,,,,,,,,,,,,,
"				Due to Related Parties Current",,,,,,,,,,"0","72,025,000","98,884,000","0",,,,,,,,,,,,,,,,,,,,,,,,,,,,
"				Other Payable","424,497,000","351,259,000","455,647,000",,,,,,,,,,,,,,,,,,,,,,,,,,,,,,,,,,,,,,
"			Current Accrued Expenses","921,014,000","766,705,000","833,321,000","800,731,000","819,346,000","745,188,000","673,163,000","678,567,000","676,134,000","750,986,000","784,942,000","714,629,000","699,722,000","650,906,000","612,186,000","373,955,000","583,380,000","519,254,000","539,359,000","454,023,000","503,455,000","511,465,000","441,079,000","369,447,000","462,901,000",,,,,,,,,,,,,,,,
"		Pension & Other Post Retirement Benefit Plans Current",,,,"293,865,000","291,446,000","237,342,000","230,518,000","180,546,000","190,863,000","240,080,000","215,638,000","225,439,000","245,641,000","236,598,000","233,547,000","219,353,000",,,,,,,,,,,,,,,,,,,,,,,,,
"		Current Debt And Capital Lease Obligation","771,456,000","1,952,577,000","1,059,391,000","1,479,155,000","978,559,000","549,448,000","764,881,000","1,203,316,000","859,457,000","632,714,000","863,436,000","635,501,000","166,875,000","375,898,000","139,673,000","285,480,000","39,313,000","501,504,000","856,392,000","843,998,000","819,115,000","622,320,000","12,509,000","28,124,000","7,926,000","258,123,000","211,600,000","346,000,000","257,500,000","315,000,000","413,700,000","324,700,000","350,600,000","363,200,000","84,600,000","24,400,000","18,600,000","54,900,000","31,400,000","8,400,000","9,600,000"
"			Current Debt","717,374,000","1,906,275,000","1,018,997,000","1,443,083,000","942,267,000","512,870,000","731,593,000","1,203,316,000","859,457,000","632,714,000","863,436,000","635,501,000","166,875,000","375,898,000","139,673,000","285,480,000","39,313,000","501,504,000","856,392,000","843,998,000","819,115,000","622,320,000","12,509,000","28,124,000","7,926,000","258,123,000","211,600,000","346,000,000","257,500,000","315,000,000","413,700,000","324,700,000","350,600,000","363,200,000","84,600,000","24,400,000","18,600,000","54,900,000","31,400,000","8,400,000","9,600,000"
"				Commercial Paper","0","1,145,612,000","527,561,000","558,235,000","820,385,000",,,,,,,,,,,,,,,,,,,,,,,,,,,,,,,,,,,,
"				Line of Credit","218,546,000","161,364,000","192,278,000","135,555,000","119,038,000",,,,,,,,,,,,,,,,,,,,,,,,,,,,,,,,,,,,
"				Other Current Borrowings","498,828,000","599,299,000","299,158,000","749,293,000","2,844,000","512,870,000","731,593,000",,,,,,,,,,,,,,,,,,,,,,,,,,,,,,,,,,
"			Current Capital Lease Obligation","54,082,000","46,302,000","40,394,000","36,072,000","36,292,000","36,578,000","33,288,000",,,,,,,,,,,,,,,,,,,,,,,,,,,,,,,,,,
"		Current Deferred Liabilities",,,,,,,,,,,,,,,,,,,,,,,,"24,768,000",,,,,,,,,,,,,,,,,
"			Current Deferred Taxes Liabilities",,,,,,,,,,,,,,,,,,,,,,,,"24,768,000",,,,,,,,,,,,,,,,,
"		Other Current Liabilities",,,,,,,"105,000","596,000",,,,,,,,,,,,,"23,453,000",,,,"2,568,000","359,546,000","364,600,000","311,900,000","391,300,000","368,100,000","323,600,000","356,100,000","337,500,000","246,500,000","248,200,000","189,300,000","165,000,000","290,500,000","268,400,000","213,700,000","185,700,000"
"	Total Non Current Liabilities Net Minority Interest","6,092,651,000","4,302,712,000","4,795,503,000","4,392,122,000","5,161,689,000","5,002,217,000","4,386,608,000","3,877,188,000","2,545,618,000","2,787,203,000","2,078,997,000","2,167,693,000","2,333,414,000","2,235,356,000","2,352,376,000","2,036,286,000","2,004,064,000","2,014,563,000","2,004,823,000","2,020,604,000","1,755,937,000","1,393,211,000","1,716,864,000","1,562,002,000","1,493,782,000","1,505,827,000","1,535,300,000","1,547,000,000","1,642,700,000","1,206,500,000","883,200,000","653,700,000","629,000,000","470,700,000","535,800,000","494,000,000","411,200,000","413,400,000","513,000,000","406,300,000","274,200,000"
"		Long Term Debt And Capital Lease Obligation","4,967,119,000","3,494,977,000","4,066,221,000","3,638,826,000","4,397,526,000","4,271,626,000","3,714,976,000","3,254,280,000","2,061,023,000","2,347,455,000","1,557,091,000","1,542,317,000","1,795,142,000","1,530,967,000","1,748,500,000","1,541,825,000","1,502,730,000","1,505,954,000","1,279,965,000","1,248,128,000","942,755,000","690,602,000","968,499,000","851,800,000","876,972,000","877,654,000","878,200,000","879,100,000","1,029,100,000","655,300,000","357,000,000","157,200,000","165,800,000","174,300,000","282,900,000","273,400,000","216,100,000","233,000,000","306,100,000","210,800,000","110,200,000"
"			Long Term Debt","4,612,183,000","3,122,074,000","3,718,647,000","3,274,783,000","4,021,045,000","4,013,868,000","3,455,249,000","3,254,280,000","2,061,023,000","2,347,455,000","1,557,091,000","1,542,317,000","1,795,142,000","1,530,967,000","1,748,500,000","1,541,825,000","1,502,730,000","1,505,954,000","1,279,965,000","1,248,128,000","942,755,000","690,602,000","968,499,000","851,800,000","876,972,000","877,654,000","878,200,000","879,100,000","1,029,100,000","655,300,000","357,000,000","157,200,000","165,800,000","174,300,000","282,900,000","273,400,000","216,100,000","233,000,000","306,100,000","210,800,000","110,200,000"
"			Long Term Capital Lease Obligation","354,936,000","372,903,000","347,574,000","364,043,000","376,481,000","257,758,000","259,727,000",,,,,,,,,,,,,,,,,,,,,,,,,,,,,,,,,,
"		Non Current Deferred Liabilities","679,540,000","424,243,000","345,698,000","328,403,000","288,004,000","229,028,000","200,018,000","176,860,000","45,656,000","39,587,000","53,188,000","99,373,000","104,204,000","35,657,000","0",,"0","3,646,000","180,842,000","286,003,000","400,253,000","319,230,000","377,589,000","348,040,000","255,769,000","300,499,000","326,000,000","321,100,000","267,100,000","224,000,000","192,500,000","193,400,000","172,700,000","203,500,000","172,000,000","154,500,000","141,500,000","132,400,000","163,800,000","158,900,000",
"			Non Current Deferred Taxes Liabilities","679,540,000","424,243,000","345,698,000","328,403,000","288,004,000","229,028,000","200,018,000","176,860,000","45,656,000","39,587,000","53,188,000","99,373,000","104,204,000","35,657,000","0",,"0","3,646,000","180,842,000","286,003,000","400,253,000","319,230,000","377,589,000","348,040,000","255,769,000","300,499,000","326,000,000","321,100,000","267,100,000","224,000,000","192,500,000","193,400,000","172,700,000","203,500,000","172,000,000","154,500,000","141,500,000","132,400,000","163,800,000","158,900,000",
"		Employee Benefits","141,088,000","120,843,000","119,667,000","174,870,000","230,627,000","294,234,000","269,979,000","261,545,000","254,730,000","285,957,000","354,093,000","383,773,000","296,302,000","532,449,000","463,329,000",,,,,,,,,,,,,,,,,,,,,,,,,,
"			Non Current Pension And Other Post-Retirement Benefit Plans","141,088,000","120,843,000","119,667,000","174,870,000","230,627,000","294,234,000","269,979,000","261,545,000","254,730,000","285,957,000","354,093,000","383,773,000","296,302,000","532,449,000","463,329,000",,,,,,,,,,,,,,,,,,,,,,,,,,
"		Other Non Current Liabilities","304,904,000","262,649,000","263,917,000","250,023,000","245,532,000","207,329,000","201,635,000","184,503,000","184,209,000","114,204,000","114,625,000","142,230,000","137,766,000","136,283,000","140,547,000","494,461,000","501,334,000","504,963,000","544,016,000","486,473,000","412,929,000","383,379,000","370,776,000","362,162,000","361,041,000","327,674,000","331,100,000","346,800,000","346,500,000","327,200,000","333,700,000","303,100,000","290,500,000","92,900,000","80,900,000","66,100,000","53,600,000","48,000,000","43,100,000","36,600,000","164,000,000"
"Total Equity Gross Minority Interest","4,636,750,000","4,714,654,000","4,099,086,000","3,299,544,000","2,757,229,000","2,237,883,000","1,744,994,000","1,407,266,000","931,565,000","827,687,000","1,047,462,000","1,519,530,000","1,616,052,000","1,048,373,000","880,943,000","937,601,000","760,339,000","349,944,000","623,520,000","683,423,000","1,016,380,000","1,137,102,000","1,279,866,000","1,371,703,000","1,147,204,000","1,175,036,000","1,098,600,000","1,042,300,000","852,800,000","1,161,000,000","1,083,000,000","1,441,100,000","1,412,300,000","1,465,300,000","1,335,300,000","1,243,500,000","1,117,100,000","1,005,900,000","832,400,000","727,900,000","727,900,000"
"	Stockholders' Equity","4,636,750,000","4,714,654,000","4,099,086,000","3,299,544,000","2,757,229,000","2,234,352,000","1,739,222,000","1,398,721,000","915,338,000","785,856,000","997,997,000","1,455,062,000","1,604,834,000","1,036,749,000","857,317,000","902,316,000","720,459,000","318,199,000","592,922,000","683,423,000","1,016,380,000","1,137,102,000","1,279,866,000","1,371,703,000","1,147,204,000","1,175,036,000","1,098,600,000","1,042,300,000","852,800,000","1,161,000,000","1,083,000,000","1,441,100,000","1,412,300,000","1,465,300,000","1,335,300,000","1,243,500,000","1,117,100,000","1,005,900,000","832,400,000","727,900,000","727,900,000"
"		Capital Stock","221,553,000","221,553,000","221,553,000","221,553,000","221,553,000","221,553,000","221,553,000","359,901,000","359,901,000","359,901,000","359,901,000","359,901,000","359,901,000","359,901,000","359,901,000","359,901,000","359,901,000","359,901,000","359,901,000","359,901,000","359,901,000","359,901,000","179,950,000","179,950,000","179,950,000","179,950,000","180,000,000",,,,,,,,,,,,,,
"			Preferred Stock","0","0","0","0","0","0","0","0","0","0","0","0","0","0","0","0","0","0","0",,,,,,,,,,,,,,,,,,,,,,
"			Common Stock","221,553,000","221,553,000","221,553,000","221,553,000","221,553,000","221,553,000","221,553,000","359,901,000","359,901,000","359,901,000","359,901,000","359,901,000","359,901,000","359,901,000","359,901,000","359,901,000","359,901,000","359,901,000","359,901,000","359,901,000","359,901,000","359,901,000","179,950,000","179,950,000","179,950,000","179,950,000","180,000,000",,,,,,,,,,,,,,
"		Additional Paid in Capital","1,426,651,000","1,377,226,000","1,345,580,000","1,296,572,000","1,260,331,000","1,191,200,000","1,142,210,000","982,205,000","924,978,000","869,857,000","783,877,000","754,186,000","664,944,000","592,975,000","490,817,000","434,865,000","394,678,000","352,375,000","335,256,000","298,243,000","252,374,000","171,413,000","4,034,000","593,000","3,263,000","13,124,000","30,100,000",,,,,,,,,,,,,,
"		Retained Earnings","5,495,449,000","5,698,316,000","4,562,263,000","3,589,781,000","2,719,936,000","1,928,673,000","1,290,461,000","7,032,020,000","6,371,082,000","6,115,961,000","5,897,603,000","5,860,784,000","5,454,286,000","5,027,617,000","4,707,892,000","4,374,718,000","4,148,353,000","3,975,762,000","3,927,306,000","3,965,415,000","3,641,483,000","3,374,170,000","3,263,988,000","2,991,090,000","2,755,333,000","2,702,927,000","2,513,300,000","2,189,700,000","1,977,800,000","1,763,100,000","1,694,700,000","1,522,900,000","1,445,600,000","1,365,200,000","1,214,000,000","1,077,900,000","949,800,000","844,300,000","688,900,000","592,200,000","651,100,000"
"		Treasury Stock","2,259,553,000","2,278,551,000","1,800,232,000","1,556,029,000","1,195,376,000","768,992,000","591,036,000","6,618,625,000","6,426,877,000","6,183,975,000","5,672,359,000","5,161,236,000","4,707,730,000","4,558,668,000","4,258,962,000","4,052,101,000","3,979,629,000","4,009,931,000","4,001,562,000","3,801,947,000","3,224,863,000","2,762,304,000","2,147,441,000","1,808,227,000","1,689,243,000","1,645,088,000","1,552,700,000",,,,,,,,,,,,,,
"		Gains Losses Not Affecting Retained Earnings","-247,350,000","-303,890,000","-230,078,000","-252,333,000","-249,215,000","-338,082,000","-323,966,000","-356,780,000","-313,746,000","-375,888,000","-371,025,000","-358,573,000","-166,567,000","-385,076,000","-442,331,000","-215,067,000","-202,844,000","-359,908,000","-27,979,000","-138,189,000","-12,515,000","-6,078,000","-20,665,000","8,297,000","-102,099,000","-75,877,000","-72,000,000",,,,,,,,,,,,,,
"			Foreign Currency Translation Adjustments",,,,,,,,,,,,,,,,,,,"44,810,000","-35,000",,,,,,,,,,,,,,,,,,,,,
"			Other Equity Adjustments","-247,350,000","-303,890,000","-230,078,000","-252,333,000","-249,215,000","-338,082,000","-323,966,000","-356,780,000","-313,746,000","-375,888,000","-371,025,000","-358,573,000","-166,567,000","-385,076,000","-442,331,000",,,,"-72,789,000","-138,154,000",,,,,,,,,,,,,,,,,,,,,
"		Other Equity Interest",,,,,,,,,,,,,,,,,,,,,,,,,,,"-100,000","-1,147,400,000","-1,125,000,000","-602,100,000","-611,700,000","-81,800,000","-33,300,000","100,100,000","121,300,000","165,600,000","167,300,000","161,600,000","143,500,000","135,700,000","76,800,000"
"	Minority Interest",,,"0","0","0","3,531,000","5,772,000","8,545,000","16,227,000","41,831,000","49,465,000","64,468,000","11,218,000","11,624,000","23,626,000","35,285,000","39,880,000","31,745,000","30,598,000",,,,,,,,,,,,,,,,,,,,,,
"Total Capitalization","9,248,933,000","7,836,728,000","7,817,733,000","6,574,327,000","6,778,274,000","6,248,220,000","5,194,471,000","4,653,001,000","2,976,361,000","3,133,311,000","2,555,088,000","2,997,379,000","3,399,976,000","2,567,716,000","2,605,817,000","2,444,141,000","2,223,189,000","1,824,153,000","1,872,887,000","1,931,551,000","1,959,135,000","1,827,704,000","2,248,365,000","2,223,503,000","2,024,176,000","2,052,690,000","1,976,800,000","1,921,400,000","1,881,900,000","1,816,300,000","1,440,000,000","1,598,300,000","1,578,100,000","1,639,600,000","1,618,200,000","1,516,900,000","1,333,200,000","1,238,900,000","1,138,500,000","938,700,000","838,100,000"
"Common Stock Equity","4,636,750,000","4,714,654,000","4,099,086,000","3,299,544,000","2,757,229,000","2,234,352,000","1,739,222,000","1,398,721,000","915,338,000","785,856,000","997,997,000","1,455,062,000","1,604,834,000","1,036,749,000","857,317,000","902,316,000","720,459,000","318,199,000","592,922,000","683,423,000","1,016,380,000","1,137,102,000","1,279,866,000","1,371,703,000","1,147,204,000","1,175,036,000","1,098,600,000","1,042,300,000","852,800,000","1,161,000,000","1,083,000,000","1,441,100,000","1,412,300,000","1,465,300,000","1,335,300,000","1,243,500,000","1,117,100,000","1,005,900,000","832,400,000","727,900,000","727,900,000"
"Capital Lease Obligations","409,018,000","419,205,000","387,968,000","400,115,000","412,773,000","294,336,000","293,015,000",,,,,,,,,,,,,,,,,,,,,,,,,,,,,,,,,,
"Net Tangible Assets","-1,186,238,000","-232,052,000","-836,398,000","-1,593,715,000","-2,174,189,000","-1,236,750,000","-1,741,741,000","-1,807,053,000","-379,760,000","-614,526,000","-133,564,000","304,014,000","776,527,000","234,033,000","228,659,000","255,102,000","23,359,000","-347,250,000","-147,653,000","41,154,000","386,416,000","547,922,000","852,395,000","953,352,000","718,076,000","700,588,000","648,400,000","511,800,000","301,000,000","595,000,000","654,300,000","987,500,000","938,900,000","1,065,500,000","913,600,000","825,900,000","743,700,000","634,600,000","570,800,000","578,900,000","661,700,000"
"Working Capital","577,003,000","-170,038,000","-96,249,000","-636,748,000","-247,107,000","1,086,160,000","108,309,000","-179,385,000","-74,633,000","-92,665,000","-369,314,000","311,400,000","1,079,312,000","642,375,000","872,783,000","706,372,000","474,806,000","74,733,000","-192,196,000","-35,726,000","-113,979,000","-84,777,000","545,759,000","716,772,000","561,097,000","528,447,000","567,200,000","319,200,000","239,100,000","168,900,000","57,900,000","152,500,000","75,200,000","203,100,000","273,800,000","320,500,000","281,800,000","273,700,000","185,100,000","171,300,000","217,000,000"
"Invested Capital","9,966,307,000","9,743,003,000","8,836,730,000","8,017,410,000","7,720,541,000","6,761,090,000","5,926,064,000","5,856,317,000","3,835,818,000","3,766,025,000","3,418,524,000","3,632,880,000","3,566,851,000","2,943,614,000","2,745,490,000","2,729,621,000","2,262,502,000","2,325,657,000","2,729,279,000","2,775,549,000","2,778,250,000","2,450,024,000","2,260,874,000","2,251,627,000","2,032,102,000","2,310,813,000","2,188,400,000","2,267,400,000","2,139,400,000","2,131,300,000","1,853,700,000","1,923,000,000","1,928,700,000","2,002,800,000","1,702,800,000","1,541,300,000","1,351,800,000","1,293,800,000","1,169,900,000","947,100,000","847,700,000"
"Tangible Book Value","-1,186,238,000","-232,052,000","-836,398,000","-1,593,715,000","-2,174,189,000","-1,236,750,000","-1,741,741,000","-1,807,053,000","-379,760,000","-614,526,000","-133,564,000","304,014,000","776,527,000","234,033,000","228,659,000","255,102,000","23,359,000","-347,250,000","-147,653,000","41,154,000","386,416,000","547,922,000","852,395,000","953,352,000","718,076,000","700,588,000","648,400,000","511,800,000","301,000,000","595,000,000","654,300,000","987,500,000","938,900,000","1,065,500,000","913,600,000","825,900,000","743,700,000","634,600,000","570,800,000","578,900,000","661,700,000"
"Total Debt","5,738,575,000","5,447,554,000","5,125,612,000","5,117,981,000","5,376,085,000","4,821,074,000","4,479,857,000","4,457,596,000","2,920,480,000","2,980,169,000","2,420,527,000","2,177,818,000","1,962,017,000","1,906,865,000","1,888,173,000","1,827,305,000","1,542,043,000","2,007,458,000","2,136,357,000","2,092,126,000","1,761,870,000","1,312,922,000","981,008,000","879,924,000","884,898,000","1,135,777,000","1,089,800,000","1,225,100,000","1,286,600,000","970,300,000","770,700,000","481,900,000","516,400,000","537,500,000","367,500,000","297,800,000","234,700,000","287,900,000","337,500,000","219,200,000","119,800,000"
"Net Debt","4,403,698,000","4,297,603,000","4,335,742,000","4,253,977,000","4,634,046,000","3,382,751,000","3,693,580,000","3,869,598,000","2,540,301,000","2,683,202,000","2,073,998,000","1,802,964,000","843,509,000","1,178,593,000","1,194,487,000","942,663,000","1,288,438,000","1,970,355,000","2,007,159,000","1,994,985,000","1,694,687,000","1,258,085,000","866,215,000","582,181,000","750,751,000","1,103,808,000","971,700,000","1,186,100,000","1,232,400,000","908,900,000","738,400,000","455,200,000","500,400,000","513,400,000","296,400,000","271,200,000","182,200,000","217,800,000","322,500,000","191,600,000","9,200,000"
"Share Issued","221,553,025","221,553,025","221,553,025","221,553,025","221,553,025","221,553,025","221,553,025","359,901,744","359,901,744","359,901,744","359,901,744","359,901,744","359,901,744","359,901,744","359,901,744","359,901,744","359,901,744","360,925,057","228,058,384","228,570,894","257,518,590","257,518,590","259,059,466","268,440,274","271,278,004","272,563,176","276,920,000","286,294,000","285,740,000","305,884,000","309,338,720","346,940,000","350,452,000","360,744,000","360,744,000","360,744,000","360,744,000","360,744,000","360,744,000","360,744,000","376,420,000"
"Ordinary Shares Number","202,839,656","202,383,069","204,392,926","204,964,717","206,109,014","208,227,127","208,829,433","209,728,904","210,860,817","212,259,735","216,777,360","221,044,958","223,894,721","223,786,030","225,205,918","227,030,232","227,998,276","228,058,384","228,058,384","228,570,894","257,518,590","257,518,590","259,059,466","268,440,274","271,278,004","272,563,176","276,920,000","286,294,000","285,740,000","305,884,000","309,338,720","346,940,000","350,452,000","360,744,000","360,744,000","360,744,000","360,744,000","360,744,000","360,744,000","360,744,000","376,420,000"
"Treasury Shares Number","18,713,369","19,169,956","17,160,099","16,588,308","15,444,011","13,325,898","12,723,592","150,172,840","149,040,927","147,642,009","143,124,384","138,856,786","136,007,023","136,115,714","134,695,826","132,871,512","131,903,468","132,866,673",,,,,,,,,,,,,,,,,,,,,,,