name,ttm,12/31/2025,12/31/2024,12/31/2023,12/31/2022,12/31/2021,12/31/2020,12/31/2019,12/31/2018,12/31/2017,12/31/2016,12/31/2015,12/31/2014,12/31/2013,12/31/2012,12/31/2011,12/31/2010
"Total Revenue","24,990,000,000","24,942,000,000","25,846,000,000","26,640,000,000","26,485,000,000","26,042,000,000","26,185,000,000","24,977,000,000","26,268,000,000","26,076,000,000","26,300,000,000","18,338,000,000","18,205,000,000","18,218,000,000","18,271,000,000","18,576,000,000","17,797,000,000"
"	Operating Revenue","24,990,000,000","24,942,000,000","25,846,000,000","26,640,000,000","26,485,000,000","26,042,000,000","26,185,000,000","24,977,000,000","26,268,000,000","26,076,000,000","26,300,000,000","18,338,000,000","18,205,000,000","18,218,000,000","18,271,000,000","18,576,000,000","17,797,000,000"
"Cost of Revenue","16,526,000,000","16,633,000,000","16,878,000,000","17,714,000,000","18,363,000,000","17,360,000,000","17,008,000,000","16,830,000,000","17,347,000,000","17,043,000,000","17,154,000,000","12,577,000,000","13,360,000,000","11,395,000,000","12,499,000,000","12,813,000,000","11,777,000,000"
"Gross Profit","8,464,000,000","8,309,000,000","8,968,000,000","8,926,000,000","8,122,000,000","8,682,000,000","9,177,000,000","8,147,000,000","8,921,000,000","9,033,000,000","9,146,000,000","5,761,000,000","4,845,000,000","6,823,000,000","5,772,000,000","5,763,000,000","6,020,000,000"
"Operating Expense","3,865,000,000","3,672,000,000","3,616,000,000","3,692,000,000","3,575,000,000","3,588,000,000","3,650,000,000","3,178,000,000","3,190,000,000","2,927,000,000","3,527,000,000","3,122,000,000","2,956,000,000","2,124,000,000","2,961,000,000","2,937,000,000","3,063,000,000"
"	Selling General and Administrative","3,865,000,000","3,672,000,000","3,616,000,000","3,692,000,000","3,575,000,000","3,588,000,000","3,650,000,000","3,178,000,000","3,190,000,000","2,927,000,000","3,527,000,000","3,122,000,000","2,956,000,000","2,124,000,000","2,961,000,000","2,937,000,000","3,063,000,000"
"		General & Administrative Expense",,,"3,486,000,000","3,759,000,000","3,440,000,000","3,374,000,000","3,449,000,000","3,006,000,000","3,150,000,000","2,927,000,000","3,527,000,000","3,122,000,000","2,956,000,000","2,124,000,000","2,961,000,000","2,937,000,000","3,063,000,000"
"			Salaries and Wages",,,"-130,000,000","67,000,000","-135,000,000","-214,000,000","-201,000,000","-172,000,000","-40,000,000",,,,,,,,
"			Other G and A",,,"3,616,000,000","3,692,000,000","3,575,000,000","3,588,000,000","3,650,000,000","3,178,000,000","3,190,000,000","2,927,000,000","3,527,000,000","3,122,000,000","2,956,000,000","2,124,000,000","2,961,000,000","2,937,000,000","3,063,000,000"
"		Selling & Marketing Expense",,,,"3,692,000,000","3,575,000,000","3,588,000,000","3,650,000,000","3,178,000,000","3,190,000,000","2,927,000,000","3,527,000,000","3,122,000,000","2,956,000,000","2,124,000,000","2,961,000,000","2,937,000,000","3,063,000,000"
"	Other Operating Expenses",,,,,,,,,,,,,,,,"-2,000,000",
"Operating Income","4,599,000,000","4,637,000,000","5,352,000,000","5,234,000,000","4,547,000,000","5,094,000,000","5,527,000,000","4,969,000,000","5,731,000,000","6,106,000,000","5,619,000,000","2,639,000,000","1,889,000,000","4,699,000,000","2,811,000,000","2,826,000,000","2,957,000,000"
"Net Non Operating Interest Income Expense","-813,000,000","-825,000,000","-843,000,000","-872,000,000","-894,000,000","-2,032,000,000","-1,367,000,000","-1,325,000,000","-1,249,000,000","-1,234,000,000","-1,134,000,000","-1,321,000,000","-484,000,000","-501,000,000","-258,000,000","-4,000,000","-3,000,000"
"	Interest Income Non Operating","141,000,000","122,000,000","69,000,000","40,000,000","27,000,000","15,000,000","27,000,000","36,000,000","35,000,000",,,,,,,,
"	Interest Expense Non Operating","954,000,000","947,000,000","912,000,000","912,000,000","921,000,000","2,047,000,000","1,394,000,000","1,361,000,000","1,284,000,000","1,234,000,000","1,134,000,000","1,321,000,000","484,000,000","501,000,000","258,000,000","4,000,000","3,000,000"
"	Total Other Finance Cost",,,,,,,,,,,,,"484,000,000","501,000,000","258,000,000",,
"Other Income Expense","-9,239,000,000","-9,257,000,000","-3,653,000,000","-729,000,000","-687,000,000","-1,354,000,000","-3,130,000,000","-983,000,000","-15,803,000,000","578,000,000","454,000,000","-305,000,000","1,000,000","-108,000,000","-100,000,000","54,000,000","48,000,000"
"	Gain on Sale of Security","-32,000,000","-22,000,000","-24,000,000","-14,000,000","56,000,000","15,000,000","-8,000,000","29,000,000","-193,000,000",,,,,,,,
"	Special Income Charges","-9,358,000,000","-9,348,000,000","-3,750,000,000","-658,000,000","-888,000,000","-1,590,000,000","-3,401,000,000","-1,479,000,000","-15,951,000,000","-49,000,000","-18,000,000",,"1,000,000","-108,000,000","-141,000,000","2,000,000","8,000,000"
"		Impairment of Capital Assets","9,319,000,000","9,306,000,000","3,669,000,000","662,000,000","913,000,000","1,634,000,000","3,399,000,000","1,899,000,000","15,936,000,000","49,000,000","18,000,000",,,,,,
"		Write Off",,,,,,,,,,,,,"-1,000,000","108,000,000","141,000,000","-2,000,000","-8,000,000"
"		Gain on Sale of Business","-39,000,000","-42,000,000","-81,000,000","4,000,000","25,000,000","44,000,000","-2,000,000","420,000,000","-15,000,000",,,,,,,,
"	Other Non Operating Income Expenses","151,000,000","113,000,000","121,000,000","-57,000,000","145,000,000","221,000,000","279,000,000","467,000,000","341,000,000","627,000,000","472,000,000","-305,000,000",,"-22,000,000","41,000,000","52,000,000","40,000,000"
"Pretax Income","-5,453,000,000","-5,445,000,000","856,000,000","3,633,000,000","2,966,000,000","1,708,000,000","1,030,000,000","2,661,000,000","-11,321,000,000","5,450,000,000","4,939,000,000","1,013,000,000","1,406,000,000","4,090,000,000","2,453,000,000","2,876,000,000","3,002,000,000"
"Tax Provision","310,000,000","403,000,000","-1,890,000,000","787,000,000","598,000,000","684,000,000","669,000,000","728,000,000","-1,067,000,000","-5,482,000,000","1,333,000,000","366,000,000","363,000,000","1,375,000,000","811,000,000","1,101,000,000","1,112,000,000"
"Net Income Common Stockholders","-5,760,000,000","-5,846,000,000","2,744,000,000","2,855,000,000","2,363,000,000","1,012,000,000","356,000,000","1,935,000,000","-10,192,000,000","10,941,000,000","3,416,000,000","-266,000,000","1,038,000,000","2,703,000,000","1,637,000,000","1,775,000,000","3,534,000,000"
"	Net Income","-5,760,000,000","-5,846,000,000","2,744,000,000","2,855,000,000","2,363,000,000","1,012,000,000","356,000,000","1,935,000,000","-10,192,000,000","10,941,000,000","3,596,000,000","634,000,000","1,043,000,000","2,715,000,000","1,642,000,000","1,775,000,000","3,534,000,000"
"		Net Income Including Non-Controlling Interests","-5,763,000,000","-5,848,000,000","2,746,000,000","2,846,000,000","2,368,000,000","1,024,000,000","361,000,000","1,933,000,000","-10,254,000,000","10,932,000,000","3,606,000,000","647,000,000","1,043,000,000","2,715,000,000","1,642,000,000","1,775,000,000","3,534,000,000"
"			Net Income Continuous Operations","-5,763,000,000","-5,848,000,000","2,746,000,000","2,846,000,000","2,368,000,000","1,024,000,000","361,000,000","1,933,000,000","-10,254,000,000","10,932,000,000","3,606,000,000","647,000,000","1,043,000,000","2,715,000,000","1,642,000,000","1,775,000,000","1,890,000,000"
"			Net Income Discontinuous Operations",,,,,,,,,,,,"0",,,"0","0","1,644,000,000"
"		Minority Interests","3,000,000","2,000,000","-2,000,000","9,000,000","-5,000,000","-12,000,000","-5,000,000","2,000,000","62,000,000","9,000,000","-10,000,000","-13,000,000",,,,,
"	Preferred Stock Dividends",,,,,,,,,,,"180,000,000","900,000,000",,,,,
"	Otherunder Preferred Stock Dividend",,,,,,,,,,,,,"5,000,000","12,000,000","5,000,000","0","0"
"Diluted NI Available to Com Stockholders","-5,760,000,000","-5,846,000,000","2,744,000,000","2,855,000,000","2,363,000,000","1,012,000,000","356,000,000","1,935,000,000","-10,192,000,000","10,941,000,000","3,416,000,000","-266,000,000","1,038,000,000","2,703,000,000","1,637,000,000","1,775,000,000","3,534,000,000"
"Basic EPS","-4.86","-4.93","2.27","2.33","1.93","0.83","0.29","1.59","-8.39","9.03","2.84","-0.34","1.75","4.55","2.77","3","5.98"
"Diluted EPS","-4.86","-4.93","2.26","2.31","1.91","0.82","0.29","1.58","-8.39","8.95","2.81","-0.34","1.74","4.51","2.75","3","5.98"
"Basic Average Shares","1,184,750,000","1,187,000,000","1,210,000,000","1,227,000,000","1,226,000,000","1,224,000,000","1,223,000,000","1,221,000,000","1,219,000,000","1,218,050,941","1,217,000,000","786,000,000","593,000,000","594,000,000","593,000,000","591,000,000","591,000,000"
"Diluted Average Shares","1,184,750,000","1,187,000,000","1,215,000,000","1,235,000,000","1,235,000,000","1,236,000,000","1,228,000,000","1,224,000,000","1,219,000,000","1,228,938,547","1,226,000,000","786,000,000","598,000,000","599,000,000","598,000,000","591,000,000","591,000,000"
"Total Operating Income as Reported","-4,720,000,000","-4,669,000,000","1,683,000,000","4,572,000,000","3,634,000,000","3,460,000,000","2,128,000,000","3,070,000,000","-10,205,000,000","6,057,000,000","5,601,000,000","2,639,000,000","1,890,000,000","4,591,000,000","2,670,000,000","2,828,000,000","2,965,000,000"
"Total Expenses","20,391,000,000","20,305,000,000","20,494,000,000","21,406,000,000","21,938,000,000","20,948,000,000","20,658,000,000","20,008,000,000","20,537,000,000","19,970,000,000","20,681,000,000","15,699,000,000","16,316,000,000","13,519,000,000","15,460,000,000","15,750,000,000","14,840,000,000"
"Net Income from Continuing & Discontinued Operation","-5,760,000,000","-5,846,000,000","2,744,000,000","2,855,000,000","2,363,000,000","1,012,000,000","356,000,000","1,935,000,000","-10,192,000,000","10,941,000,000","3,596,000,000","634,000,000","1,043,000,000","2,715,000,000","1,642,000,000","1,775,000,000","3,534,000,000"
"Normalized Income","-126,000,000","1,556,300,000","5,725,460,000","3,381,176,000","3,026,936,000","1,957,000,000","2,844,570,000","2,987,700,000","4,434,464,000","10,970,400,000","3,609,140,000","634,000,000","1,042,258,000","2,786,712,000","1,736,329,000","1,773,766,000","1,884,960,000"
"Interest Income","141,000,000","122,000,000","69,000,000","40,000,000","27,000,000","15,000,000","27,000,000","36,000,000","35,000,000",,,,,,,,
"Interest Expense","954,000,000","947,000,000","912,000,000","912,000,000","921,000,000","2,047,000,000","1,394,000,000","1,361,000,000","1,284,000,000","1,234,000,000","1,134,000,000","1,321,000,000","484,000,000","501,000,000","258,000,000","4,000,000","3,000,000"
"Net Interest Income","-813,000,000","-825,000,000","-843,000,000","-872,000,000","-894,000,000","-2,032,000,000","-1,367,000,000","-1,325,000,000","-1,249,000,000","-1,234,000,000","-1,134,000,000","-1,321,000,000","-484,000,000","-501,000,000","-258,000,000","-4,000,000","-3,000,000"
"EBIT","-4,499,000,000","-4,498,000,000","1,768,000,000","4,545,000,000","3,887,000,000","3,755,000,000","2,424,000,000","4,022,000,000","-10,037,000,000","6,684,000,000","6,073,000,000","2,334,000,000","1,890,000,000","4,591,000,000","2,711,000,000","2,880,000,000","3,005,000,000"
"EBITDA","-3,517,000,000","-3,530,000,000","2,716,000,000","5,506,000,000","4,820,000,000","4,665,000,000","3,393,000,000","5,016,000,000","-9,054,000,000","7,715,000,000","7,410,000,000","3,074,000,000","2,275,000,000","4,984,000,000","3,139,000,000","3,244,000,000","3,359,000,000"
"Reconciled Cost of Revenue","16,526,000,000","16,633,000,000","16,878,000,000","17,714,000,000","18,363,000,000","17,360,000,000","17,008,000,000","16,830,000,000","17,347,000,000","17,043,000,000","17,154,000,000","12,577,000,000","13,360,000,000","11,395,000,000","12,499,000,000","12,813,000,000","11,777,000,000"
"Reconciled Depreciation","982,000,000","968,000,000","948,000,000","961,000,000","933,000,000","910,000,000","969,000,000","994,000,000","983,000,000","1,031,000,000","1,337,000,000","740,000,000","385,000,000","393,000,000","428,000,000","364,000,000","354,000,000"
"Net Income from Continuing Operation Net Minority Interest","-5,760,000,000","-5,846,000,000","2,744,000,000","2,855,000,000","2,363,000,000","1,012,000,000","356,000,000","1,935,000,000","-10,192,000,000","10,941,000,000","3,596,000,000","634,000,000","1,043,000,000","2,715,000,000","1,642,000,000","1,775,000,000","1,890,000,000"
"Total Unusual Items Excluding Goodwill","-9,390,000,000","-9,370,000,000","-3,774,000,000","-672,000,000","-832,000,000","-1,575,000,000","-3,409,000,000","-1,450,000,000","-16,144,000,000","-49,000,000","-18,000,000",,"1,000,000","-108,000,000","-141,000,000","2,000,000","8,000,000"
"Total Unusual Items","-9,390,000,000","-9,370,000,000","-3,774,000,000","-672,000,000","-832,000,000","-1,575,000,000","-3,409,000,000","-1,450,000,000","-16,144,000,000","-49,000,000","-18,000,000",,"1,000,000","-108,000,000","-141,000,000","2,000,000","8,000,000"
"Normalized EBITDA","5,873,000,000","5,840,000,000","6,490,000,000","6,178,000,000","5,652,000,000","6,240,000,000","6,802,000,000","6,466,000,000","7,090,000,000","7,764,000,000","7,428,000,000","3,074,000,000","2,274,000,000","5,092,000,000","3,280,000,000","3,242,000,000","3,351,000,000"
"Tax Rate for Calcs","0.4","0.21","0.21","0.217","0.202","0.4","0.27","0.274","0.094","0.4","0.27","0.362","0.258","0.336","0.331","0.383","0.37"
"Tax Effect of Unusual Items","-3,756,000,000","-1,967,700,000","-792,540,000","-145,824,000","-168,064,000","-630,000,000","-920,430,000","-397,300,000","-1,517,536,000","-19,600,000","-4,860,000","0","258,000","-36,288,000","-46,671,000","766,000","2,960,000"