name,12/31/2025,12/31/2024,12/31/2023,12/31/2022,12/31/2021,12/31/2020,12/31/2019,12/31/2018,12/31/2017,12/31/2016,12/31/2015,12/31/2014,12/31/2013,12/31/2012,12/31/2011
"Total Assets","81,786,000,000","88,287,000,000","90,339,000,000","90,513,000,000","93,394,000,000","99,830,000,000","101,450,000,000","103,461,000,000","120,092,000,000","120,480,000,000","122,973,000,000","22,947,000,000","23,148,000,000","23,179,000,000","21,539,000,000"
"	Current Assets","10,127,000,000","7,655,000,000","7,929,000,000","7,897,000,000","8,994,000,000","10,822,000,000","8,097,000,000","9,075,000,000","7,201,000,000","8,753,000,000","9,780,000,000","4,791,000,000","4,908,000,000","4,823,000,000","3,272,000,000"
"		Cash, Cash Equivalents & Short Term Investments","3,675,000,000","1,334,000,000","1,400,000,000","1,040,000,000","3,445,000,000","3,417,000,000","2,279,000,000","1,130,000,000","1,629,000,000","4,204,000,000","4,837,000,000","1,293,000,000","1,686,000,000","1,255,000,000","0"
"			Cash And Cash Equivalents","2,615,000,000","1,334,000,000","1,400,000,000","1,040,000,000","3,445,000,000","3,417,000,000","2,279,000,000","1,130,000,000","1,629,000,000","4,204,000,000","4,837,000,000","1,293,000,000","1,686,000,000","1,255,000,000","0"
"			Other Short Term Investments","1,060,000,000","0",,,,,,,,,,,,,
"		Receivables","2,254,000,000","2,147,000,000","2,112,000,000","2,120,000,000","1,957,000,000","2,063,000,000","1,973,000,000","2,281,000,000","1,812,000,000","1,158,000,000","1,454,000,000","1,080,000,000","1,048,000,000","1,089,000,000","903,000,000"
"			Accounts receivable","2,254,000,000","2,147,000,000","2,112,000,000","2,120,000,000","1,957,000,000","2,063,000,000","1,973,000,000","2,129,000,000","1,274,000,000","898,000,000","1,454,000,000","1,080,000,000","1,048,000,000","1,089,000,000","903,000,000"
"				Gross Accounts Receivable","2,288,000,000","2,173,000,000","2,150,000,000","2,166,000,000","2,005,000,000","2,111,000,000","2,006,000,000","2,153,000,000","1,297,000,000","918,000,000","1,486,000,000","1,101,000,000","1,074,000,000","1,117,000,000","926,000,000"
"				Allowance For Doubtful Accounts Receivable","-34,000,000","-26,000,000","-38,000,000","-46,000,000","-48,000,000","-48,000,000","-33,000,000","-24,000,000","-23,000,000","-20,000,000","-32,000,000","-21,000,000","-26,000,000","-28,000,000","-23,000,000"
"			Taxes Receivable",,,,,,,"173,000,000","152,000,000","538,000,000","260,000,000",,,,,
"			Receivables Adjustments Allowances",,,,,,,,,,,,,,,"-23,000,000"
"		Inventory","3,167,000,000","3,376,000,000","3,614,000,000","3,651,000,000","2,729,000,000","2,773,000,000","2,721,000,000","2,667,000,000","2,760,000,000","2,684,000,000","2,618,000,000","1,775,000,000","1,616,000,000","1,928,000,000","1,943,000,000"
"			Raw Materials","1,134,000,000","1,195,000,000","1,247,000,000","1,240,000,000","779,000,000","701,000,000","511,000,000","510,000,000","560,000,000","542,000,000","563,000,000","481,000,000","453,000,000","535,000,000","562,000,000"
"			Work in Process","278,000,000","310,000,000","338,000,000","334,000,000","268,000,000","268,000,000","364,000,000","343,000,000","384,000,000","388,000,000","393,000,000","296,000,000","294,000,000","326,000,000","373,000,000"
"			Finished Goods","1,755,000,000","1,871,000,000","2,029,000,000","2,077,000,000","1,682,000,000","1,804,000,000","1,846,000,000","1,814,000,000","1,816,000,000","1,754,000,000","1,662,000,000","998,000,000","869,000,000","1,067,000,000","1,008,000,000"
"		Prepaid Assets","291,000,000","215,000,000","234,000,000","240,000,000","136,000,000","132,000,000","384,000,000","400,000,000","345,000,000",,,,,,
"		Current Deferred Assets",,,,,,,,,,,,"384,000,000","360,000,000","420,000,000","232,000,000"
"			Current Deferred Taxes Assets",,,,,,,,,,,,"384,000,000","360,000,000","420,000,000","232,000,000"
"		Assets Held for Sale Current","152,000,000","0","3,000,000","4,000,000","11,000,000","1,863,000,000","122,000,000","1,376,000,000","0",,,,,,
"		Other Current Assets","588,000,000","583,000,000","569,000,000","842,000,000","716,000,000","574,000,000","618,000,000","1,221,000,000","655,000,000","707,000,000","871,000,000","259,000,000","198,000,000","131,000,000","194,000,000"
"	Total non-current assets","71,659,000,000","80,632,000,000","82,410,000,000","82,616,000,000","84,400,000,000","89,008,000,000","93,353,000,000","94,386,000,000","112,891,000,000","111,727,000,000","113,193,000,000","18,156,000,000","18,240,000,000","18,356,000,000","18,267,000,000"
"		Net PPE","7,318,000,000","7,152,000,000","7,122,000,000","6,740,000,000","6,806,000,000","6,876,000,000","7,055,000,000","7,078,000,000","7,061,000,000","6,688,000,000","6,524,000,000","4,192,000,000","4,115,000,000","4,204,000,000","4,278,000,000"
"			Gross PPE","12,635,000,000","11,889,000,000","11,925,000,000","10,952,000,000","10,674,000,000","10,439,000,000","10,242,000,000","9,662,000,000","9,150,000,000","8,518,000,000","7,430,000,000","8,043,000,000","7,822,000,000","8,402,000,000","8,169,000,000"
"				Properties","0","0","0","0","0","0","0","0","0","0","0","0","0","0","0"
"				Land And Improvements","188,000,000","193,000,000","203,000,000","200,000,000","207,000,000","219,000,000","210,000,000","218,000,000","250,000,000","264,000,000","297,000,000","79,000,000","72,000,000","119,000,000","124,000,000"
"				Buildings And Improvements","3,106,000,000","2,846,000,000","2,705,000,000","2,536,000,000","2,508,000,000","2,514,000,000","2,447,000,000","2,375,000,000","2,232,000,000","1,884,000,000","1,700,000,000","1,881,000,000","1,806,000,000","1,996,000,000","1,984,000,000"
"				Machinery Furniture Equipment","8,519,000,000","7,689,000,000","7,735,000,000","7,055,000,000","6,957,000,000","6,914,000,000","6,552,000,000","5,904,000,000","5,323,000,000","4,770,000,000","4,432,000,000","5,619,000,000","5,584,000,000","5,922,000,000","5,764,000,000"
"				Construction in Progress","822,000,000","1,161,000,000","1,282,000,000","1,161,000,000","1,002,000,000","792,000,000","1,033,000,000","1,165,000,000","1,345,000,000","1,600,000,000","1,001,000,000","464,000,000","360,000,000","365,000,000","297,000,000"
"			Accumulated Depreciation","-5,317,000,000","-4,737,000,000","-4,803,000,000","-4,212,000,000","-3,868,000,000","-3,563,000,000","-3,187,000,000","-2,584,000,000","-2,089,000,000","-1,830,000,000","-906,000,000","-3,851,000,000","-3,707,000,000","-4,198,000,000","-3,891,000,000"
"		Goodwill And Other Intangible Assets","59,708,000,000","68,772,000,000","72,907,000,000","73,482,000,000","74,838,000,000","79,756,000,000","84,198,000,000","85,971,000,000","104,257,000,000","103,422,000,000","105,171,000,000","13,638,000,000","13,734,000,000","13,827,000,000","13,946,000,000"
"			Goodwill","22,179,000,000","28,673,000,000","30,459,000,000","30,833,000,000","31,296,000,000","33,089,000,000","35,546,000,000","36,503,000,000","44,825,000,000","44,125,000,000","43,051,000,000","11,404,000,000","11,505,000,000","11,599,000,000","11,316,000,000"
"			Other Intangible Assets","37,529,000,000","40,099,000,000","42,448,000,000","42,649,000,000","43,542,000,000","46,667,000,000","48,652,000,000","49,468,000,000","59,432,000,000","59,297,000,000","62,120,000,000","2,234,000,000","2,229,000,000","2,228,000,000","2,630,000,000"
"		Non Current Prepaid Assets",,,,,,,,,,,,,,,"14,000,000"
"		Other Non Current Assets","4,633,000,000","4,708,000,000","2,381,000,000","2,394,000,000","2,756,000,000","2,376,000,000","2,100,000,000","1,337,000,000","1,573,000,000","1,617,000,000","1,498,000,000","326,000,000","391,000,000","325,000,000","43,000,000"
"Total Liabilities Net Minority Interest","39,997,000,000","38,962,000,000","40,617,000,000","41,643,000,000","43,942,000,000","49,587,000,000","49,701,000,000","51,683,000,000","54,016,000,000","62,906,000,000","56,737,000,000","18,582,000,000","17,961,000,000","19,607,000,000","4,951,000,000"
"	Current Liabilities","8,778,000,000","7,253,000,000","8,037,000,000","9,028,000,000","9,064,000,000","8,061,000,000","7,875,000,000","7,503,000,000","10,154,000,000","9,501,000,000","6,932,000,000","4,773,000,000","3,410,000,000","3,606,000,000","2,572,000,000"
"		Payables And Accrued Expenses","5,407,000,000","5,148,000,000","5,618,000,000","5,861,000,000","6,366,000,000","5,722,000,000","5,034,000,000","5,283,000,000","5,470,000,000","5,415,000,000","5,280,000,000","2,372,000,000","2,546,000,000","2,592,000,000","2,022,000,000"
"			Payables","4,308,000,000","4,188,000,000","4,627,000,000","4,848,000,000","5,294,000,000","4,418,000,000","4,003,000,000","4,153,000,000","4,362,000,000","4,251,000,000","4,023,000,000","1,861,000,000","1,861,000,000","1,852,000,000","1,447,000,000"
"				Accounts Payable","4,308,000,000","4,188,000,000","4,627,000,000","4,848,000,000","4,753,000,000","4,304,000,000","4,003,000,000","4,153,000,000","4,362,000,000","3,996,000,000","2,844,000,000","1,537,000,000","1,548,000,000","1,556,000,000","1,447,000,000"
"				Total Tax Payable",,,,"136,000,000","541,000,000","114,000,000",,,"152,000,000","255,000,000","417,000,000",,,,
"					Income Tax Payable",,,,"136,000,000","541,000,000","114,000,000",,,"152,000,000","255,000,000","417,000,000",,,,
"				Dividends Payable",,,,,,,,,,"39,000,000","762,000,000","324,000,000","313,000,000","296,000,000","0"
"			Current Accrued Expenses","1,099,000,000","960,000,000","991,000,000","1,013,000,000","1,072,000,000","1,304,000,000","1,031,000,000","1,130,000,000","1,108,000,000","1,164,000,000","1,257,000,000","511,000,000","685,000,000","740,000,000","575,000,000"
"				Interest Payable","298,000,000","263,000,000","258,000,000","264,000,000","268,000,000","358,000,000","384,000,000","408,000,000","419,000,000","415,000,000","401,000,000",,,,
"		Pension & Other Post Retirement Benefit Plans Current",,,,,,,,,"51,000,000","157,000,000","328,000,000","355,000,000","381,000,000","430,000,000","242,000,000"
"		Current Debt And Capital Lease Obligation","1,908,000,000","654,000,000","638,000,000","837,000,000","754,000,000","236,000,000","1,028,000,000","398,000,000","3,195,000,000","2,691,000,000","83,000,000","1,405,000,000","4,000,000","5,000,000","8,000,000"
"			Current Debt","1,908,000,000","654,000,000","638,000,000","837,000,000","754,000,000","236,000,000","1,028,000,000","398,000,000","3,195,000,000","2,691,000,000","83,000,000","1,405,000,000","4,000,000","5,000,000","8,000,000"
"		Other Current Liabilities","1,463,000,000","1,451,000,000","1,781,000,000","2,330,000,000","1,944,000,000","2,103,000,000","1,813,000,000","1,822,000,000","1,489,000,000","1,238,000,000","1,241,000,000","641,000,000","479,000,000","584,000,000","300,000,000"
"	Total Non Current Liabilities Net Minority Interest","31,219,000,000","31,709,000,000","32,580,000,000","32,615,000,000","34,878,000,000","41,526,000,000","41,826,000,000","44,180,000,000","43,862,000,000","53,405,000,000","49,805,000,000","13,809,000,000","14,551,000,000","16,001,000,000","2,379,000,000"
"		Long Term Debt And Capital Lease Obligation","19,311,000,000","19,215,000,000","19,394,000,000","19,233,000,000","21,061,000,000","28,070,000,000","28,216,000,000","30,770,000,000","28,308,000,000","29,713,000,000","25,151,000,000","8,627,000,000","9,976,000,000","9,966,000,000","27,000,000"
"			Long Term Debt","19,311,000,000","19,215,000,000","19,394,000,000","19,233,000,000","21,061,000,000","28,070,000,000","28,216,000,000","30,770,000,000","28,308,000,000","29,713,000,000","25,151,000,000","8,627,000,000","9,976,000,000","9,966,000,000","27,000,000"
"		Non Current Deferred Liabilities","10,343,000,000","11,053,000,000","11,625,000,000","11,629,000,000","12,070,000,000","11,468,000,000","11,878,000,000","12,202,000,000","14,039,000,000","20,848,000,000","21,497,000,000","340,000,000","662,000,000","138,000,000","1,594,000,000"
"			Non Current Deferred Taxes Liabilities","9,022,000,000","9,679,000,000","10,201,000,000","10,152,000,000","10,536,000,000","11,462,000,000","11,878,000,000","12,202,000,000","14,039,000,000","20,848,000,000","21,497,000,000","340,000,000","662,000,000","138,000,000","1,594,000,000"
"			Non Current Deferred Revenue","1,321,000,000","1,374,000,000","1,424,000,000","1,477,000,000","1,534,000,000","6,000,000",,,,,,,,,
"		Non Current Accrued Expenses",,,,,,,,,,,,,,,"117,000,000"
"		Employee Benefits","131,000,000","135,000,000","143,000,000","144,000,000","205,000,000","243,000,000","273,000,000","306,000,000","427,000,000","2,038,000,000","2,405,000,000","4,504,000,000","3,485,000,000","5,492,000,000","117,000,000"
"			Non Current Pension And Other Post-Retirement Benefit Plans","131,000,000","135,000,000","143,000,000","144,000,000","205,000,000","243,000,000","273,000,000","306,000,000","427,000,000","2,038,000,000","2,405,000,000","4,504,000,000","3,485,000,000","5,492,000,000","117,000,000"
"		Preferred Securities Outside Stock Equity",,,,,,"0","0","3,000,000","6,000,000","0","23,000,000",,,,
"		Other Non Current Liabilities","1,434,000,000","1,306,000,000","1,418,000,000","1,609,000,000","1,542,000,000","1,745,000,000","1,459,000,000","902,000,000","1,088,000,000","806,000,000","752,000,000","338,000,000","428,000,000","405,000,000","641,000,000"
"Total Equity Gross Minority Interest","41,789,000,000","49,325,000,000","49,722,000,000","48,870,000,000","49,452,000,000","50,243,000,000","51,749,000,000","51,778,000,000","66,076,000,000","57,574,000,000","66,236,000,000","4,365,000,000","5,187,000,000","3,572,000,000","16,588,000,000"
"	Stockholders' Equity","41,664,000,000","49,185,000,000","49,526,000,000","48,678,000,000","49,298,000,000","50,103,000,000","51,623,000,000","51,657,000,000","65,863,000,000","57,358,000,000","66,005,000,000","4,365,000,000","5,187,000,000","3,572,000,000","16,588,000,000"
"		Capital Stock","12,000,000","12,000,000","12,000,000","12,000,000","12,000,000","12,000,000","12,000,000","12,000,000","12,000,000","12,000,000","8,332,000,000","0","0","0","0"
"			Preferred Stock",,,,,,,,,,"0","8,320,000,000",,,,
"			Common Stock","12,000,000","12,000,000","12,000,000","12,000,000","12,000,000","12,000,000","12,000,000","12,000,000","12,000,000","12,000,000","12,000,000","0","0","0","0"
"		Additional Paid in Capital","51,287,000,000","52,135,000,000","52,037,000,000","51,834,000,000","53,379,000,000","55,096,000,000","56,828,000,000","58,723,000,000","58,634,000,000","58,593,000,000","58,375,000,000","4,678,000,000","4,434,000,000","4,240,000,000","0"
"		Retained Earnings","-4,629,000,000","2,171,000,000","1,367,000,000","489,000,000","-1,682,000,000","-2,694,000,000","-3,060,000,000","-4,853,000,000","8,495,000,000","588,000,000","0","1,045,000,000","1,281,000,000","-206,000,000","0"
"		Treasury Stock","2,636,000,000","2,218,000,000","1,286,000,000","847,000,000","587,000,000","344,000,000","271,000,000","282,000,000","224,000,000","207,000,000","31,000,000","796,000,000","29,000,000","2,000,000","0"
"		Gains Losses Not Affecting Retained Earnings","-2,370,000,000","-2,915,000,000","-2,604,000,000","-2,810,000,000","-1,824,000,000","-1,967,000,000","-1,886,000,000","-1,943,000,000","-1,054,000,000","-1,628,000,000","-671,000,000","-562,000,000","-499,000,000","-460,000,000","-125,000,000"
"			Other Equity Adjustments","-2,370,000,000","-2,915,000,000","-2,604,000,000","-2,810,000,000","-1,824,000,000","-1,967,000,000","-1,886,000,000","-1,943,000,000","-1,054,000,000","-1,628,000,000","-671,000,000","-562,000,000","-499,000,000","-460,000,000","-125,000,000"
"		Other Equity Interest",,,,,,,,,,,,,,,"16,713,000,000"
"	Minority Interest","125,000,000","140,000,000","196,000,000","192,000,000","154,000,000","140,000,000","126,000,000","121,000,000","213,000,000","216,000,000","231,000,000",,,,
"Total Capitalization","60,975,000,000","68,400,000,000","68,920,000,000","67,911,000,000","70,359,000,000","78,173,000,000","79,839,000,000","82,427,000,000","94,171,000,000","87,071,000,000","91,156,000,000","12,992,000,000","15,163,000,000","13,538,000,000","16,615,000,000"
"Preferred Stock Equity",,,,,,,,,,,"8,320,000,000",,,,
"Common Stock Equity","41,664,000,000","49,185,000,000","49,526,000,000","48,678,000,000","49,298,000,000","50,103,000,000","51,623,000,000","51,657,000,000","65,863,000,000","57,358,000,000","57,685,000,000","4,365,000,000","5,187,000,000","3,572,000,000","16,588,000,000"
"Net Tangible Assets","-18,044,000,000","-19,587,000,000","-23,381,000,000","-24,804,000,000","-25,540,000,000","-29,653,000,000","-32,575,000,000","-34,314,000,000","-38,394,000,000","-46,064,000,000","-39,166,000,000","-9,273,000,000","-8,547,000,000","-10,255,000,000","2,642,000,000"
"Working Capital","1,349,000,000","402,000,000","-108,000,000","-1,131,000,000","-70,000,000","2,761,000,000","222,000,000","1,572,000,000","-2,953,000,000","-748,000,000","2,848,000,000","18,000,000","1,498,000,000","1,217,000,000","700,000,000"
"Invested Capital","62,883,000,000","69,054,000,000","69,558,000,000","68,748,000,000","71,113,000,000","78,409,000,000","80,867,000,000","82,825,000,000","97,366,000,000","89,762,000,000","82,919,000,000","14,397,000,000","15,167,000,000","13,538,000,000","16,623,000,000"
"Tangible Book Value","-18,044,000,000","-19,587,000,000","-23,381,000,000","-24,804,000,000","-25,540,000,000","-29,653,000,000","-32,575,000,000","-34,314,000,000","-38,394,000,000","-46,064,000,000","-47,486,000,000","-9,273,000,000","-8,547,000,000","-10,255,000,000","2,642,000,000"
"Total Debt","21,219,000,000","19,869,000,000","20,032,000,000","20,070,000,000","21,815,000,000","28,306,000,000","29,244,000,000","31,168,000,000","31,503,000,000","32,404,000,000","25,234,000,000","10,032,000,000","9,980,000,000","9,966,000,000","35,000,000"
"Net Debt","18,604,000,000","18,535,000,000","18,632,000,000","19,030,000,000","18,370,000,000","24,889,000,000","26,965,000,000","30,038,000,000","29,874,000,000","28,200,000,000","20,397,000,000","8,739,000,000","8,294,000,000","8,711,000,000","35,000,000"
"Share Issued","1,256,655,579","1,254,000,000","1,249,000,000","1,242,930,164","1,235,000,000","1,227,625,469","1,224,000,000","1,224,000,000","1,221,000,000","1,218,947,088","1,214,391,614","601,402,816","596,843,449","592,783,696","592,763,708"
"Ordinary Shares Number","1,183,655,579","1,195,000,000","1,218,000,000","1,224,930,164","1,224,000,000","1,222,625,469","1,221,000,000","1,220,000,000","1,219,000,000","1,216,475,740","1,213,978,752","587,331,944","596,234,450","592,763,708","592,763,708"
"Treasury Shares Number","73,000,000","59,000,000","31,000,000","18,000,000","11,000,000","5,000,000","3,000,000","4,000,000","2,000,000","2,471,348","412,862","14,070,872","608,999","19,988",