name,12/31/2025,12/31/2024,12/31/2023,12/31/2022,12/31/2021,12/31/2020,12/31/2019,12/31/2018,12/31/2017,12/31/2016,12/31/2015,12/31/2014,12/31/2013,12/31/2012,12/31/2011,12/31/2010,12/31/2009,12/31/2008,12/31/2007,12/31/2006,12/31/2005,12/31/2004,12/31/2003,12/31/2002,12/31/2001,12/31/2000,12/31/1999,12/31/1998
"Total Assets","71,487,000,000","68,497,000,000","71,391,000,000","71,161,000,000","67,092,000,000","67,810,000,000","64,515,000,000","62,729,000,000","62,957,000,000","61,538,000,000","62,843,000,000","66,771,000,000","72,515,000,000","75,477,000,000","93,837,000,000","95,289,000,000","66,714,000,000","63,078,000,000","67,993,000,000","55,574,000,000","57,628,000,000","59,928,000,000","59,285,000,000","57,100,000,000","55,798,000,000","52,071,000,000","30,336,000,000","31,391,000,000"
"	Current Assets","12,951,000,000","13,242,000,000","11,703,000,000","10,091,000,000","10,342,000,000","9,979,000,000","7,630,000,000","7,604,000,000","7,520,000,000","8,480,000,000","8,958,000,000","11,750,000,000","13,174,000,000","15,673,000,000","16,202,000,000","16,221,000,000","12,454,000,000","11,366,000,000","10,737,000,000","8,254,000,000","8,153,000,000","9,722,000,000","8,124,000,000","7,456,000,000","7,006,000,000","7,152,000,000",,
"		Cash, Cash Equivalents & Short Term Investments","2,125,000,000","1,351,000,000","1,810,000,000","1,923,000,000","3,546,000,000","3,619,000,000","1,291,000,000","1,100,000,000","761,000,000","1,741,000,000","1,870,000,000","1,631,000,000","2,622,000,000","4,475,000,000","1,974,000,000","2,481,000,000","2,101,000,000","1,244,000,000","567,000,000","239,000,000","316,000,000","282,000,000","514,000,000","215,000,000","162,000,000","191,000,000",,
"			Cash And Cash Equivalents","2,125,000,000","1,351,000,000","1,810,000,000","1,923,000,000","3,546,000,000","3,619,000,000","1,291,000,000","1,100,000,000","761,000,000","1,741,000,000","1,870,000,000","1,631,000,000","2,622,000,000","4,475,000,000","1,974,000,000","2,481,000,000","2,101,000,000","1,244,000,000","567,000,000","239,000,000","316,000,000","282,000,000","514,000,000","215,000,000","162,000,000","191,000,000",,
"		Receivables","4,858,000,000","4,811,000,000","4,512,000,000","3,907,000,000","3,188,000,000","2,954,000,000","2,927,000,000","3,006,000,000","3,526,000,000","3,470,000,000","3,846,000,000","4,751,000,000","5,403,000,000","6,129,000,000","6,361,000,000","6,539,000,000","5,197,000,000","4,704,000,000","5,197,000,000","3,869,000,000","3,385,000,000","3,541,000,000","3,369,000,000","3,116,000,000","3,131,000,000","3,231,000,000",,
"			Accounts receivable","3,903,000,000","3,874,000,000","3,634,000,000","3,088,000,000","2,337,000,000","2,297,000,000","2,212,000,000","2,262,000,000","2,691,000,000","2,611,000,000","2,634,000,000","3,802,000,000","4,463,000,000","6,129,000,000","6,361,000,000","6,539,000,000","5,197,000,000","4,704,000,000","5,197,000,000","3,869,000,000","3,385,000,000","3,541,000,000","3,369,000,000","3,116,000,000","3,131,000,000","3,231,000,000",,
"				Gross Accounts Receivable","3,938,000,000","3,911,000,000","3,700,000,000","3,133,000,000","2,374,000,000","2,339,000,000","2,247,000,000","2,302,000,000","2,741,000,000","2,669,000,000","2,688,000,000","3,868,000,000","4,549,000,000","6,247,000,000","6,504,000,000","6,785,000,000","5,318,000,000",,,,,,,,,,,
"				Allowance For Doubtful Accounts Receivable","-35,000,000","-37,000,000","-66,000,000","-45,000,000","-37,000,000","-42,000,000","-35,000,000","-40,000,000","-50,000,000","-58,000,000","-54,000,000","-66,000,000","-86,000,000","-118,000,000","-143,000,000","-246,000,000","-121,000,000",,,,,,,,,,,
"			Other Receivables","955,000,000","937,000,000","878,000,000","819,000,000","851,000,000","657,000,000","715,000,000","744,000,000","835,000,000","859,000,000","1,212,000,000","949,000,000","940,000,000",,,,,,,,,,,,,,,
"			Receivables Adjustments Allowances",,,,,,,"-44,000,000","-47,000,000","-98,000,000","-93,000,000","-109,000,000","-91,000,000","-73,000,000",,,,,,,,,,,,,,,
"		Inventory","4,419,000,000","3,827,000,000","3,615,000,000","3,381,000,000","2,708,000,000","2,647,000,000","2,546,000,000","2,592,000,000","2,557,000,000","2,469,000,000","2,609,000,000","3,480,000,000","3,743,000,000","3,741,000,000","5,706,000,000","5,310,000,000","3,775,000,000","3,729,000,000","4,096,000,000","3,506,000,000","3,343,000,000","3,447,000,000","3,343,000,000","3,382,000,000","3,026,000,000","3,041,000,000","2,563,000,000","2,570,000,000"
"			Raw Materials","1,015,000,000","958,000,000","973,000,000","1,031,000,000","770,000,000","718,000,000","707,000,000","726,000,000","711,000,000","722,000,000","782,000,000","1,215,000,000","1,165,000,000","1,213,000,000","1,800,000,000","1,743,000,000","1,410,000,000","1,568,000,000","1,697,000,000","1,389,000,000","1,363,000,000","1,367,000,000","1,375,000,000","1,372,000,000","1,281,000,000","1,175,000,000",,
"			Finished Goods","3,404,000,000","2,869,000,000","2,790,000,000","2,501,000,000","2,054,000,000","2,059,000,000","1,953,000,000","1,987,000,000","1,975,000,000","1,865,000,000","1,930,000,000","2,434,000,000","2,578,000,000","2,528,000,000","3,906,000,000","3,567,000,000","2,365,000,000","2,313,000,000","2,541,000,000","2,117,000,000","1,980,000,000","2,080,000,000","1,968,000,000","2,010,000,000","1,745,000,000","1,866,000,000",,
"			Inventories Adjustments Allowances",,"-171,000,000","-148,000,000","-151,000,000","-116,000,000","-130,000,000","-114,000,000","-121,000,000","-129,000,000","-118,000,000","-103,000,000","-169,000,000",,,,,,"-152,000,000","-142,000,000",,,,,,,,,
"		Current Deferred Assets",,,,,,,,,,,,"480,000,000","517,000,000","593,000,000","912,000,000","898,000,000","730,000,000","861,000,000","575,000,000","387,000,000","879,000,000","749,000,000","681,000,000","511,000,000","466,000,000","504,000,000",,
"			Current Deferred Taxes Assets",,,,,,,,,,,,"480,000,000","517,000,000","593,000,000","912,000,000","898,000,000","730,000,000","861,000,000","575,000,000","387,000,000","879,000,000","749,000,000","681,000,000","511,000,000","466,000,000","504,000,000",,
"		Other Current Assets","1,549,000,000","3,253,000,000","1,766,000,000","880,000,000","900,000,000","759,000,000","866,000,000","906,000,000","676,000,000","800,000,000","633,000,000","1,408,000,000","889,000,000","735,000,000","1,249,000,000","993,000,000","651,000,000","828,000,000","302,000,000","253,000,000","230,000,000","1,703,000,000","217,000,000","232,000,000","221,000,000","185,000,000",,
"	Total non-current assets","58,536,000,000","55,255,000,000","59,688,000,000","61,070,000,000","56,750,000,000","57,831,000,000","56,885,000,000","55,125,000,000","55,437,000,000","53,058,000,000","53,885,000,000","55,021,000,000","59,341,000,000","59,804,000,000","77,635,000,000","79,068,000,000","54,260,000,000","51,712,000,000","57,256,000,000","47,320,000,000","49,475,000,000","50,206,000,000","51,161,000,000","49,644,000,000","48,792,000,000","44,919,000,000",,
"		Net PPE","11,398,000,000","10,248,000,000","10,377,000,000","9,680,000,000","9,271,000,000","9,664,000,000","9,301,000,000","8,482,000,000","8,677,000,000","8,229,000,000","8,362,000,000","9,827,000,000","10,247,000,000","10,010,000,000","13,813,000,000","13,792,000,000","10,693,000,000","9,917,000,000","10,778,000,000","9,693,000,000","9,817,000,000","9,985,000,000","10,155,000,000","9,559,000,000","9,109,000,000","9,405,000,000","6,526,000,000","6,494,000,000"
"			Gross PPE","20,793,000,000","18,383,000,000","18,373,000,000","16,891,000,000","16,705,000,000","16,993,000,000","16,105,000,000","15,245,000,000","15,680,000,000","14,687,000,000","14,554,000,000","16,912,000,000","17,614,000,000","16,856,000,000","23,932,000,000","23,030,000,000","19,423,000,000","17,815,000,000","19,204,000,000","17,050,000,000","16,598,000,000","16,483,000,000","15,805,000,000","14,450,000,000","13,272,000,000","13,042,000,000","6,526,000,000","6,494,000,000"
"				Properties","0","0","0","0","0","0","0","0","0","0","0","0","0","0","0","0","0","0","0","0","0","0","0","0","0","0",,
"				Land And Improvements","404,000,000","373,000,000","384,000,000","378,000,000","379,000,000","422,000,000","422,000,000","424,000,000","458,000,000","471,000,000","495,000,000","574,000,000","617,000,000","643,000,000","768,000,000","795,000,000","492,000,000","462,000,000","454,000,000","389,000,000","388,000,000","400,000,000","407,000,000","387,000,000","387,000,000","419,000,000",,
"				Buildings And Improvements","3,963,000,000","3,453,000,000","3,452,000,000","3,250,000,000","3,139,000,000","3,252,000,000","3,140,000,000","2,984,000,000","2,979,000,000","2,801,000,000","2,753,000,000","3,117,000,000","3,270,000,000","3,199,000,000","4,997,000,000","4,934,000,000","4,231,000,000","3,913,000,000","4,121,000,000","3,657,000,000","3,551,000,000","3,545,000,000","3,422,000,000","3,153,000,000","2,915,000,000","2,949,000,000",,
"				Machinery Furniture Equipment","14,610,000,000","12,732,000,000","12,736,000,000","11,724,000,000","11,842,000,000","12,053,000,000","11,295,000,000","10,943,000,000","11,195,000,000","10,302,000,000","10,044,000,000","11,737,000,000","12,351,000,000","11,992,000,000","16,934,000,000","16,147,000,000","13,872,000,000","12,590,000,000","13,750,000,000","12,164,000,000","12,008,000,000","11,892,000,000","11,293,000,000","10,108,000,000","9,264,000,000","8,858,000,000",,
"				Other Properties","731,000,000","767,000,000","683,000,000","660,000,000","613,000,000","638,000,000","568,000,000",,,,,,,,,,,,,,,,,,,,,
"				Construction in Progress","1,085,000,000","1,058,000,000","1,118,000,000","879,000,000","732,000,000","628,000,000","680,000,000","894,000,000","1,048,000,000","1,113,000,000","1,262,000,000","1,484,000,000","1,376,000,000","1,022,000,000","1,233,000,000","1,154,000,000","828,000,000","850,000,000","879,000,000","840,000,000","651,000,000","646,000,000","683,000,000","802,000,000","706,000,000","816,000,000",,
"			Accumulated Depreciation","-9,395,000,000","-8,135,000,000","-7,996,000,000","-7,211,000,000","-7,434,000,000","-7,329,000,000","-6,804,000,000","-6,763,000,000","-7,003,000,000","-6,458,000,000","-6,192,000,000","-7,085,000,000","-7,367,000,000","-6,846,000,000","-10,119,000,000","-9,238,000,000","-8,730,000,000","-7,898,000,000","-8,426,000,000","-7,357,000,000","-6,781,000,000","-6,498,000,000","-5,650,000,000","-4,891,000,000","-4,163,000,000","-3,637,000,000",,
"		Goodwill And Other Intangible Assets","43,964,000,000","41,865,000,000","43,732,000,000","43,160,000,000","40,269,000,000","40,377,000,000","38,805,000,000","38,727,000,000","39,724,000,000","38,377,000,000","39,432,000,000","43,724,000,000","47,591,000,000","48,292,000,000","62,483,000,000","63,819,000,000","42,193,000,000","40,507,000,000","43,393,000,000","35,730,000,000","35,164,000,000","35,811,000,000","36,879,000,000","36,420,000,000","35,957,000,000","31,584,000,000",,
"			Goodwill","24,336,000,000","23,017,000,000","23,896,000,000","23,450,000,000","21,978,000,000","21,895,000,000","20,848,000,000","20,725,000,000","21,085,000,000","20,276,000,000","20,664,000,000","23,389,000,000","25,597,000,000","25,740,000,000","37,297,000,000","37,856,000,000","28,764,000,000","27,581,000,000","31,193,000,000","25,553,000,000","24,648,000,000",,,,,,,
"			Other Intangible Assets","19,628,000,000","18,848,000,000","19,836,000,000","19,710,000,000","18,291,000,000","18,482,000,000","17,957,000,000","18,002,000,000","18,639,000,000","18,101,000,000","18,768,000,000","20,335,000,000","21,994,000,000","22,552,000,000","25,186,000,000","25,963,000,000","13,429,000,000","12,926,000,000","12,200,000,000","10,177,000,000","10,516,000,000","35,811,000,000","36,879,000,000","36,420,000,000","35,957,000,000","31,584,000,000",,
"		Investments And Advances","667,000,000","635,000,000","3,242,000,000","4,879,000,000","5,289,000,000","6,036,000,000","7,178,000,000","7,123,000,000","6,193,000,000","5,585,000,000","5,387,000,000","662,000,000",,,,,,,,,,,,,,,,
"			Long Term Equity Investment","667,000,000","635,000,000","3,242,000,000","4,879,000,000","5,289,000,000","6,036,000,000","7,178,000,000","7,123,000,000","6,193,000,000","5,585,000,000","5,387,000,000","662,000,000",,,,,,,,,,,,,,,,
"		Non Current Deferred Assets","336,000,000","333,000,000","408,000,000","473,000,000","541,000,000","790,000,000","726,000,000","255,000,000","319,000,000","358,000,000","277,000,000",,,,,,,,,,,,,,,,,
"			Non Current Deferred Taxes Assets","336,000,000","333,000,000","408,000,000","473,000,000","541,000,000","790,000,000","726,000,000","255,000,000","319,000,000","358,000,000","277,000,000",,,,,,,,,,,,,,,,,
"		Non Current Prepaid Assets",,,"1,043,000,000","1,016,000,000","1,009,000,000","672,000,000","516,000,000","132,000,000","158,000,000","159,000,000","69,000,000","53,000,000","54,000,000","18,000,000","31,000,000","86,000,000","115,000,000",,,,,,,,,,,
"		Defined Pension Benefit","1,220,000,000","987,000,000","1,043,000,000","1,016,000,000","1,009,000,000","672,000,000","516,000,000","132,000,000","158,000,000","159,000,000","69,000,000","53,000,000","54,000,000","18,000,000","31,000,000",,,,,,,,,,,,,
"		Other Non Current Assets","951,000,000","1,187,000,000","886,000,000","1,862,000,000","371,000,000","292,000,000","359,000,000","406,000,000","366,000,000","350,000,000","358,000,000","755,000,000","1,449,000,000","1,484,000,000","1,308,000,000","1,371,000,000","1,259,000,000","1,288,000,000","3,085,000,000","1,897,000,000","4,494,000,000","4,410,000,000","4,127,000,000","3,665,000,000","3,726,000,000","3,930,000,000",,
"Total Liabilities Net Minority Interest","45,596,000,000","41,539,000,000","43,025,000,000","44,241,000,000","38,769,000,000","40,156,000,000","37,198,000,000","37,016,000,000","36,883,000,000","36,323,000,000","34,743,000,000","38,918,000,000","39,983,000,000","43,061,000,000","58,509,000,000","59,347,000,000","40,742,000,000","40,878,000,000","40,698,000,000","27,019,000,000","28,035,000,000","30,017,000,000","30,755,000,000","31,268,000,000","32,320,000,000","38,023,000,000","16,875,000,000","16,257,000,000"
"	Current Liabilities","21,864,000,000","19,549,000,000","19,013,000,000","16,731,000,000","14,008,000,000","15,159,000,000","15,322,000,000","16,737,000,000","15,793,000,000","14,417,000,000","10,922,000,000","14,007,000,000","14,354,000,000","14,870,000,000","18,445,000,000","15,660,000,000","11,491,000,000","11,044,000,000","17,086,000,000","10,473,000,000","8,724,000,000","9,078,000,000","7,861,000,000","7,169,000,000","8,875,000,000","7,590,000,000",,
"		Payables And Accrued Expenses","12,926,000,000","11,991,000,000","11,004,000,000","9,932,000,000","8,827,000,000","8,339,000,000","7,689,000,000","7,550,000,000","7,433,000,000","7,063,000,000","6,524,000,000","7,346,000,000","7,663,000,000","7,126,000,000","8,388,000,000","9,216,000,000","7,122,000,000","6,127,000,000","8,879,000,000","6,582,000,000","5,762,000,000","6,113,000,000","5,540,000,000","5,339,000,000","5,774,000,000","5,608,000,000",,
"			Payables","10,139,000,000","9,433,000,000","8,321,000,000","7,562,000,000","6,730,000,000","6,209,000,000","5,853,000,000","5,794,000,000","5,705,000,000","5,318,000,000","4,890,000,000","5,299,000,000","5,345,000,000","4,642,000,000","5,525,000,000","5,409,000,000","3,766,000,000","3,373,000,000","4,065,000,000","2,602,000,000","2,270,000,000","2,207,000,000","2,005,000,000","1,939,000,000","1,897,000,000","1,971,000,000",,
"				Accounts Payable","10,139,000,000","9,433,000,000","8,321,000,000","7,562,000,000","6,730,000,000","6,209,000,000","5,853,000,000","5,794,000,000","5,705,000,000","5,318,000,000","4,890,000,000","5,299,000,000","5,345,000,000","4,642,000,000","5,525,000,000","5,409,000,000","3,766,000,000","3,373,000,000","4,065,000,000","2,602,000,000","2,270,000,000","2,207,000,000","2,005,000,000","1,939,000,000","1,897,000,000","1,971,000,000",,
"			Current Accrued Expenses","2,787,000,000","2,558,000,000","2,683,000,000","2,370,000,000","2,097,000,000","2,130,000,000","1,836,000,000","1,756,000,000","1,728,000,000","1,745,000,000","1,634,000,000","2,047,000,000","2,318,000,000","2,484,000,000","2,863,000,000","3,807,000,000","3,356,000,000","2,754,000,000","4,814,000,000","3,980,000,000","3,492,000,000","3,906,000,000","3,535,000,000","3,400,000,000","3,877,000,000","3,637,000,000",,
"		Pension & Other Post Retirement Benefit Plans Current","1,000,000,000","928,000,000","1,158,000,000","949,000,000","822,000,000","834,000,000","769,000,000","701,000,000","721,000,000","736,000,000","844,000,000","946,000,000","1,043,000,000","1,038,000,000","1,365,000,000",,,,,,,,,,,,,
"		Current Debt And Capital Lease Obligation","3,983,000,000","2,085,000,000","2,521,000,000","2,682,000,000","1,962,000,000","2,770,000,000","4,219,000,000","5,840,000,000","4,680,000,000","3,982,000,000","841,000,000","2,835,000,000","2,597,000,000","3,851,000,000","3,836,000,000","1,865,000,000","966,000,000","1,662,000,000","8,107,000,000","3,740,000,000","2,073,000,000","2,795,000,000","1,871,000,000","1,467,000,000","2,873,000,000","1,724,000,000",,
"			Current Debt","3,983,000,000","2,085,000,000","2,521,000,000","2,682,000,000","1,880,000,000","2,696,000,000","4,187,000,000","5,840,000,000","4,680,000,000","3,982,000,000","841,000,000","2,835,000,000","2,597,000,000","3,851,000,000","3,836,000,000","1,865,000,000","966,000,000","1,662,000,000","8,107,000,000","3,740,000,000","2,073,000,000","2,795,000,000","1,871,000,000","1,467,000,000","2,873,000,000","1,724,000,000",,
"				Commercial Paper","2,614,000,000","0","346,000,000","2,209,000,000","192,000,000","0","2,581,000,000","3,054,000,000","3,410,000,000","2,371,000,000","0","1,101,000,000","1,410,000,000","0",,,,,,,,,,,,,,
"				Line of Credit","74,000,000","71,000,000","74,000,000","90,000,000","24,000,000","29,000,000","57,000,000","138,000,000","107,000,000","160,000,000","236,000,000","204,000,000","184,000,000","274,000,000","182,000,000",,,,,,,,,,,,,
"				Other Current Borrowings","1,295,000,000","2,014,000,000","2,101,000,000","383,000,000","1,664,000,000","2,667,000,000","1,549,000,000","2,648,000,000","1,163,000,000","1,451,000,000","605,000,000","1,530,000,000","1,003,000,000","3,577,000,000","3,654,000,000","1,865,000,000","966,000,000",,,,,,,,,,,
"			Current Capital Lease Obligation",,,,"95,000,000","82,000,000","74,000,000","32,000,000",,,,,,,,,,,,,,,,,,,,,
"		Current Deferred Liabilities",,,,,,,,,,,,,,,,,,,,,"237,000,000","170,000,000","451,000,000","363,000,000","228,000,000","258,000,000",,
"			Current Deferred Taxes Liabilities",,,,,,,,,,,,,,,,,,,,,"237,000,000","170,000,000","451,000,000","363,000,000","228,000,000","258,000,000",,
"		Other Current Liabilities","3,955,000,000","4,545,000,000","4,330,000,000","3,168,000,000","2,397,000,000","3,216,000,000","2,645,000,000","2,646,000,000","2,959,000,000","2,636,000,000","2,713,000,000","2,880,000,000","3,051,000,000","2,855,000,000","4,856,000,000","4,579,000,000","3,403,000,000","3,255,000,000","100,000,000","151,000,000","652,000,000",,"-1,000,000",,,"1,123,000,000",,
"	Total Non Current Liabilities Net Minority Interest","23,732,000,000","21,990,000,000","24,012,000,000","27,510,000,000","24,761,000,000","24,997,000,000","21,876,000,000","20,279,000,000","21,090,000,000","21,906,000,000","23,821,000,000","24,911,000,000","25,629,000,000","28,191,000,000","40,064,000,000","43,687,000,000","29,251,000,000","29,834,000,000","23,612,000,000","16,546,000,000","19,311,000,000","20,939,000,000","22,894,000,000","24,099,000,000","23,445,000,000","30,433,000,000",,
"		Long Term Debt And Capital Lease Obligation","17,821,000,000","16,287,000,000","17,424,000,000","20,765,000,000","18,009,000,000","17,746,000,000","14,610,000,000","12,532,000,000","12,972,000,000","13,217,000,000","14,557,000,000","13,821,000,000","14,482,000,000","15,574,000,000","23,095,000,000","26,859,000,000","18,024,000,000","18,589,000,000","12,902,000,000","7,081,000,000","8,475,000,000","9,723,000,000","11,591,000,000","12,976,000,000","13,134,000,000","24,102,000,000",,
"			Long Term Debt","17,222,000,000","15,664,000,000","16,887,000,000","20,251,000,000","17,393,000,000","17,094,000,000","14,116,000,000","12,532,000,000","12,972,000,000","13,217,000,000","14,557,000,000","13,821,000,000","14,482,000,000","15,574,000,000","23,095,000,000","26,859,000,000","18,024,000,000","18,589,000,000","12,902,000,000","7,081,000,000","8,475,000,000","9,723,000,000","11,591,000,000","12,976,000,000","13,134,000,000","24,102,000,000",,
"			Long Term Capital Lease Obligation","599,000,000","623,000,000","537,000,000","514,000,000","616,000,000","652,000,000","494,000,000","0",,,,,,,,,,,,,,,,,,,,
"		Non Current Deferred Liabilities","3,530,000,000","3,425,000,000","3,292,000,000","3,437,000,000","3,444,000,000","3,346,000,000","3,338,000,000","3,552,000,000","3,341,000,000","4,721,000,000","4,750,000,000","5,512,000,000","6,282,000,000","6,235,000,000","6,738,000,000","7,984,000,000","4,508,000,000","4,064,000,000","4,876,000,000","3,930,000,000","6,067,000,000","5,850,000,000","5,856,000,000","5,428,000,000","5,031,000,000","1,446,000,000",,
"			Non Current Deferred Taxes Liabilities","3,530,000,000","3,425,000,000","3,292,000,000","3,437,000,000","3,444,000,000","3,346,000,000","3,338,000,000","3,552,000,000","3,341,000,000","4,721,000,000","4,750,000,000","5,512,000,000","6,282,000,000","6,235,000,000","6,738,000,000","7,984,000,000","4,508,000,000","4,064,000,000","4,876,000,000","3,930,000,000","6,067,000,000","5,850,000,000","5,856,000,000","5,428,000,000","5,031,000,000","1,446,000,000",,
"		Non Current Accrued Expenses",,,,,,,,,,,,,,,,"5,428,000,000","4,581,000,000",,,,,,,,,,,
"		Employee Benefits","496,000,000","489,000,000","561,000,000","620,000,000","982,000,000","1,603,000,000","1,577,000,000","1,572,000,000","2,088,000,000","2,396,000,000","2,682,000,000","3,438,000,000","2,374,000,000","3,336,000,000","6,835,000,000",,,,,,,,,,,,,
"			Non Current Pension And Other Post-Retirement Benefit Plans","496,000,000","489,000,000","561,000,000","620,000,000","982,000,000","1,603,000,000","1,577,000,000","1,572,000,000","2,088,000,000","2,396,000,000","2,682,000,000","3,438,000,000","2,374,000,000","3,336,000,000","6,835,000,000",,,,,,,,,,,,,
"		Other Non Current Liabilities","1,885,000,000","1,789,000,000","2,735,000,000","2,688,000,000","2,326,000,000","2,302,000,000","2,351,000,000","2,623,000,000","2,689,000,000","1,572,000,000","1,832,000,000","2,140,000,000","2,491,000,000","3,046,000,000","3,396,000,000","3,416,000,000","2,138,000,000","7,181,000,000","5,834,000,000","5,535,000,000","4,769,000,000","5,366,000,000","5,447,000,000","5,695,000,000","5,280,000,000","4,885,000,000",,
"Total Equity Gross Minority Interest","25,891,000,000","26,958,000,000","28,366,000,000","26,920,000,000","28,323,000,000","27,654,000,000","27,317,000,000","25,713,000,000","26,074,000,000","25,215,000,000","28,100,000,000","27,853,000,000","32,532,000,000","32,416,000,000","35,328,000,000","35,942,000,000","25,972,000,000","22,200,000,000","27,295,000,000","28,555,000,000","29,593,000,000","29,911,000,000","28,530,000,000","25,832,000,000","23,478,000,000","14,048,000,000","13,461,000,000","15,134,000,000"
"	Stockholders' Equity","25,838,000,000","26,932,000,000","28,332,000,000","26,883,000,000","28,269,000,000","27,578,000,000","27,241,000,000","25,637,000,000","25,994,000,000","25,161,000,000","28,012,000,000","27,750,000,000","32,373,000,000","32,276,000,000","35,217,000,000","35,834,000,000","25,876,000,000","22,200,000,000","27,295,000,000","28,555,000,000","29,593,000,000","29,911,000,000","28,530,000,000","25,832,000,000","23,478,000,000","14,048,000,000","13,461,000,000","15,134,000,000"
"		Capital Stock","0","0","0","0","0","0","0","0","0","0","0","0","0","0","0","0","0","0","0","0","0","0","0","0","0","0",,
"			Common Stock","0","0","0","0","0","0","0","0","0","0","0","0","0","0","0","0","0","0","0","0","0","0","0","0","0","0",,
"		Additional Paid in Capital","32,322,000,000","32,276,000,000","32,216,000,000","32,143,000,000","32,097,000,000","32,070,000,000","32,019,000,000","31,961,000,000","31,915,000,000","31,847,000,000","31,760,000,000","31,651,000,000","31,396,000,000","31,548,000,000","31,318,000,000","31,231,000,000","23,611,000,000","23,563,000,000","23,445,000,000","23,626,000,000","23,835,000,000","23,762,000,000","23,704,000,000","23,655,000,000","23,655,000,000","15,230,000,000",,
"		Retained Earnings","36,413,000,000","36,476,000,000","34,236,000,000","31,481,000,000","30,806,000,000","28,402,000,000","26,615,000,000","24,491,000,000","22,631,000,000","21,149,000,000","20,700,000,000","14,529,000,000","13,419,000,000","10,551,000,000","18,012,000,000","16,619,000,000","14,636,000,000","13,345,000,000","12,209,000,000","11,128,000,000","9,453,000,000","8,304,000,000","7,020,000,000","4,814,000,000","2,391,000,000","992,000,000",,
"		Treasury Stock","31,533,000,000","29,349,000,000","27,174,000,000","25,794,000,000","24,010,000,000","22,204,000,000","21,139,000,000","20,185,000,000","18,555,000,000","16,713,000,000","14,462,000,000","11,112,000,000","9,553,000,000","7,157,000,000","7,476,000,000","8,126,000,000","8,416,000,000","8,714,000,000","6,524,000,000","3,130,000,000","2,032,000,000","950,000,000","402,000,000","170,000,000",,,,
"		Gains Losses Not Affecting Retained Earnings","-11,364,000,000","-12,471,000,000","-10,946,000,000","-10,947,000,000","-10,624,000,000","-10,690,000,000","-10,254,000,000","-10,630,000,000","-9,997,000,000","-11,122,000,000","-9,986,000,000","-7,318,000,000","-2,889,000,000","-2,666,000,000","-6,637,000,000","-3,890,000,000","-3,955,000,000","-5,994,000,000","-1,835,000,000","-3,069,000,000","-1,663,000,000","-1,205,000,000","-1,792,000,000","-2,467,000,000","-2,568,000,000","-2,174,000,000",,
"			Foreign Currency Translation Adjustments",,,,,,,,,,,,,,,,,,"-2,399,000,000","-51,000,000",,"-1,290,000,000","-890,000,000","-1,792,000,000","-2,467,000,000","-2,568,000,000","-2,174,000,000",,
"			Other Equity Adjustments","-11,364,000,000","-12,471,000,000","-10,946,000,000","-10,947,000,000","-10,624,000,000","-10,690,000,000","-10,254,000,000","-10,630,000,000","-9,997,000,000","-11,122,000,000","-9,986,000,000","-7,318,000,000","-2,889,000,000","-2,666,000,000","-6,637,000,000",,,"-3,595,000,000","-1,784,000,000",,"-373,000,000","-315,000,000",,,,,,
"	Minority Interest","53,000,000","26,000,000","34,000,000","37,000,000","54,000,000","76,000,000","76,000,000","76,000,000","80,000,000","54,000,000","88,000,000","103,000,000","159,000,000","140,000,000","111,000,000","108,000,000","96,000,000",,,,,,,,,,,
"Total Capitalization","43,060,000,000","42,596,000,000","45,219,000,000","47,134,000,000","45,662,000,000","44,672,000,000","41,357,000,000","38,169,000,000","38,966,000,000","38,378,000,000","42,569,000,000","41,571,000,000","46,855,000,000","47,850,000,000","58,312,000,000","62,693,000,000","43,900,000,000","40,789,000,000","40,197,000,000","35,636,000,000","38,068,000,000","39,634,000,000","40,121,000,000","38,808,000,000","36,612,000,000","38,150,000,000","13,461,000,000","15,134,000,000"
"Common Stock Equity","25,838,000,000","26,932,000,000","28,332,000,000","26,883,000,000","28,269,000,000","27,578,000,000","27,241,000,000","25,637,000,000","25,994,000,000","25,161,000,000","28,012,000,000","27,750,000,000","32,373,000,000","32,276,000,000","35,217,000,000","35,834,000,000","25,876,000,000","22,200,000,000","27,295,000,000","28,555,000,000","29,593,000,000","29,911,000,000","28,530,000,000","25,832,000,000","23,478,000,000","14,048,000,000","13,461,000,000","15,134,000,000"
"Capital Lease Obligations","599,000,000","623,000,000","537,000,000","514,000,000","698,000,000","726,000,000","526,000,000","0",,,,,,,,,,,,,,,,,,,,
"Net Tangible Assets","-18,126,000,000","-14,933,000,000","-15,400,000,000","-16,277,000,000","-12,000,000,000","-12,799,000,000","-11,564,000,000","-13,090,000,000","-13,730,000,000","-13,216,000,000","-11,420,000,000","-15,974,000,000","-15,218,000,000","-16,016,000,000","-27,266,000,000","-27,985,000,000","-16,317,000,000","-18,307,000,000","-16,098,000,000","-7,175,000,000","-5,571,000,000","-5,900,000,000","-8,349,000,000","-10,588,000,000","-12,479,000,000","-17,536,000,000","13,461,000,000","15,134,000,000"
"Working Capital","-8,913,000,000","-6,307,000,000","-7,310,000,000","-6,640,000,000","-3,666,000,000","-5,180,000,000","-7,692,000,000","-9,133,000,000","-8,273,000,000","-5,937,000,000","-1,964,000,000","-2,257,000,000","-1,180,000,000","803,000,000","-2,243,000,000","561,000,000","963,000,000","322,000,000","-6,349,000,000","-2,219,000,000","-571,000,000","644,000,000","263,000,000","287,000,000","-1,869,000,000","-438,000,000",,
"Invested Capital","47,043,000,000","44,681,000,000","47,740,000,000","49,816,000,000","47,542,000,000","47,368,000,000","45,544,000,000","44,009,000,000","43,646,000,000","42,360,000,000","43,410,000,000","44,406,000,000","49,452,000,000","51,701,000,000","62,148,000,000","64,558,000,000","44,866,000,000","42,451,000,000","48,304,000,000","39,376,000,000","40,141,000,000","42,429,000,000","41,992,000,000","40,275,000,000","39,485,000,000","39,874,000,000","13,461,000,000","15,134,000,000"
"Tangible Book Value","-18,126,000,000","-14,933,000,000","-15,400,000,000","-16,277,000,000","-12,000,000,000","-12,799,000,000","-11,564,000,000","-13,090,000,000","-13,730,000,000","-13,216,000,000","-11,420,000,000","-15,974,000,000","-15,218,000,000","-16,016,000,000","-27,266,000,000","-27,985,000,000","-16,317,000,000","-18,307,000,000","-16,098,000,000","-7,175,000,000","-5,571,000,000","-5,900,000,000","-8,349,000,000","-10,588,000,000","-12,479,000,000","-17,536,000,000","13,461,000,000","15,134,000,000"
"Total Debt","21,804,000,000","18,372,000,000","19,945,000,000","23,447,000,000","19,971,000,000","20,516,000,000","18,829,000,000","18,372,000,000","17,652,000,000","17,199,000,000","15,398,000,000","16,656,000,000","17,079,000,000","19,425,000,000","26,931,000,000","28,724,000,000","18,990,000,000","20,251,000,000","21,009,000,000","10,821,000,000","10,548,000,000","12,518,000,000","13,462,000,000","14,443,000,000","16,007,000,000","25,826,000,000",,
"Net Debt","19,080,000,000","16,398,000,000","17,598,000,000","21,010,000,000","15,727,000,000","16,171,000,000","17,012,000,000","17,272,000,000","16,891,000,000","15,458,000,000","13,528,000,000","15,025,000,000","14,457,000,000","14,950,000,000","24,957,000,000","26,243,000,000","16,889,000,000","19,007,000,000","20,442,000,000","10,582,000,000","10,232,000,000","12,236,000,000","12,948,000,000","14,228,000,000","15,845,000,000","25,635,000,000",,
"Share Issued","1,996,537,778","1,996,537,778","1,996,537,778","1,996,537,778","1,996,537,778","1,996,537,778","1,996,537,778","1,996,537,778","1,996,537,778","1,996,537,778","1,996,537,778","1,996,537,778","1,996,537,778","1,996,537,778","1,996,537,778","1,996,537,778","1,735,000,000","1,738,441,703","1,533,315,478","1,635,972,645","1,669,880,755","1,705,355,074","1,721,937,124","1,730,618,850","1,735,000,000","1,735,000,000","1,735,000,000","1,735,000,000"
"Ordinary Shares Number","1,281,576,414","1,317,829,138","1,348,482,705","1,365,891,091","1,391,630,539","1,419,174,221","1,435,006,254","1,450,999,855","1,488,136,084","1,528,365,541","1,580,033,154","1,663,640,999","1,705,396,594","1,777,995,842","1,767,896,689","1,748,066,549","1,735,000,000","1,472,743,143","1,533,315,478","1,635,972,645","1,669,880,755","1,705,355,074","1,721,937,124","1,730,618,850","1,735,000,000","1,735,000,000","1,735,000,000","1,735,000,000"
"Treasury Shares Number","714,961,364","678,708,640","648,055,073","630,646,687","604,907,239","577,363,557","561,531,524","545,537,923","508,401,694","468,172,237","416,504,624","332,896,779","291,141,184","218,541,936","228,641,089","248,471,229",,"265,698,560",,,,,,,,,,