name,ttm,12/31/2025,12/31/2024,12/31/2023,12/31/2022,12/31/2021,12/31/2020,12/31/2019,12/31/2018,12/31/2017,12/31/2016,12/31/2015,12/31/2014,12/31/2013,12/31/2012,12/31/2011,12/31/2010,12/31/2009,12/31/2008,12/31/2007,12/31/2006,12/31/2005,12/31/2004,12/31/2003,12/31/2002,12/31/2001,12/31/2000,12/31/1999,12/31/1998
"Total Revenue","89,885,000,000","89,885,000,000","91,720,000,000","93,351,000,000","94,780,000,000","87,470,000,000","84,681,000,000","92,865,000,000","91,750,000,000","89,922,000,000","89,786,000,000","89,083,000,000","91,865,000,000","92,373,000,000","89,931,000,000","83,770,000,000","88,015,000,000","100,579,000,000","103,086,000,000","107,552,000,000","98,458,000,000","91,115,000,000","84,690,000,000","87,979,000,000","89,160,000,000","84,698,000,000","81,422,000,000","74,660,000,000","71,747,000,000"
"	Operating Revenue","89,885,000,000","89,885,000,000","91,720,000,000","93,351,000,000","94,780,000,000","87,470,000,000","84,681,000,000","92,865,000,000","91,750,000,000","89,922,000,000","89,786,000,000","89,083,000,000","91,865,000,000","92,373,000,000","89,931,000,000","83,770,000,000","88,015,000,000","100,579,000,000","103,086,000,000","107,552,000,000","98,458,000,000","91,115,000,000","84,690,000,000","87,979,000,000","89,160,000,000","84,698,000,000","81,422,000,000","74,660,000,000","71,747,000,000"
"Cost of Revenue","48,694,000,000","48,694,000,000","48,670,000,000","50,328,000,000","51,745,000,000","45,468,000,000","42,971,000,000","46,647,000,000","46,070,000,000","45,571,000,000","44,199,000,000","44,730,000,000","47,553,000,000","48,111,000,000","47,500,000,000","44,127,000,000","44,775,000,000","43,467,000,000","45,756,000,000","45,037,000,000","40,713,000,000","37,917,000,000","35,312,000,000","37,583,000,000","38,521,000,000","37,756,000,000","38,121,000,000","35,912,000,000","35,963,000,000"
"Gross Profit","41,191,000,000","41,191,000,000","43,050,000,000","43,023,000,000","43,035,000,000","42,002,000,000","41,710,000,000","46,218,000,000","45,680,000,000","44,351,000,000","45,587,000,000","44,353,000,000","44,312,000,000","44,262,000,000","42,431,000,000","39,643,000,000","43,240,000,000","57,112,000,000","57,330,000,000","62,515,000,000","57,745,000,000","53,198,000,000","49,378,000,000","50,396,000,000","50,639,000,000","46,942,000,000","43,301,000,000","38,748,000,000","35,784,000,000"
"Operating Expense","27,210,000,000","27,210,000,000","27,437,000,000","27,352,000,000","27,367,000,000","27,072,000,000","27,262,000,000","30,184,000,000","30,277,000,000","29,506,000,000","31,329,000,000","30,505,000,000","30,163,000,000","29,206,000,000","28,721,000,000","26,547,000,000","29,735,000,000","44,620,000,000","45,947,000,000","48,081,000,000","44,229,000,000","42,242,000,000","40,201,000,000","40,961,000,000","41,976,000,000","37,633,000,000","33,803,000,000","30,432,000,000","28,479,000,000"
"	Selling General and Administrative","25,189,000,000","25,189,000,000","25,679,000,000","25,314,000,000","25,236,000,000","25,213,000,000","25,231,000,000","28,286,000,000","28,472,000,000","27,841,000,000","29,544,000,000","28,643,000,000","27,868,000,000","27,867,000,000","27,058,000,000","24,997,000,000","27,799,000,000","42,533,000,000","42,731,000,000","45,616,000,000","42,709,000,000","39,823,000,000","37,185,000,000","38,185,000,000","38,491,000,000","6,421,000,000","32,351,000,000","29,155,000,000","27,371,000,000"
"		General & Administrative Expense",,,,,,,,,,,,,,,,,,,,,,,"6,838,000,000","7,104,000,000","7,112,000,000","29,372,000,000","26,467,000,000","23,887,000,000","22,484,000,000"
"		Selling & Marketing Expense","25,189,000,000","25,189,000,000","25,679,000,000","25,314,000,000","25,236,000,000","25,213,000,000","25,231,000,000","28,286,000,000","28,472,000,000","27,841,000,000","29,544,000,000","28,643,000,000","27,868,000,000","27,867,000,000","27,058,000,000","24,997,000,000","27,799,000,000","42,533,000,000","42,731,000,000","45,616,000,000","42,709,000,000","39,823,000,000","30,347,000,000","31,081,000,000","31,379,000,000","6,421,000,000","5,884,000,000","5,268,000,000","4,887,000,000"
"	Research & Development","1,613,000,000","1,613,000,000","1,667,000,000","1,656,000,000","1,696,000,000","1,670,000,000","1,576,000,000","1,672,000,000","1,687,000,000","1,739,000,000","1,736,000,000","1,678,000,000","1,628,000,000","1,503,000,000","1,413,000,000","1,423,000,000","1,403,000,000","1,357,000,000","1,359,000,000","1,875,000,000","1,734,000,000","1,499,000,000","1,433,000,000","1,205,000,000","1,208,000,000","1,162,000,000","1,038,000,000","893,000,000","807,000,000"
"	Other Operating Expenses","635,000,000","635,000,000","399,000,000","653,000,000","726,000,000","801,000,000","808,000,000","515,000,000","346,000,000","357,000,000","299,000,000","348,000,000","848,000,000","419,000,000","291,000,000","286,000,000","571,000,000","1,196,000,000","2,042,000,000","1,285,000,000","516,000,000","920,000,000",,,"33,656,000,000","30,050,000,000",,,
"Operating Income","13,981,000,000","13,981,000,000","15,613,000,000","15,671,000,000","15,668,000,000","14,930,000,000","14,448,000,000","16,034,000,000","15,403,000,000","14,845,000,000","14,258,000,000","13,848,000,000","14,149,000,000","15,056,000,000","13,710,000,000","13,096,000,000","13,505,000,000","12,492,000,000","11,383,000,000","14,434,000,000","13,516,000,000","10,956,000,000","9,177,000,000","9,435,000,000","8,663,000,000","9,309,000,000","9,498,000,000","8,316,000,000","7,305,000,000"
"Net Non Operating Interest Income Expense","-1,526,000,000","-1,526,000,000","-1,485,000,000","-1,360,000,000","-1,040,000,000","-873,000,000","-874,000,000","-1,016,000,000","-761,000,000","-696,000,000","-637,000,000","-624,000,000","-637,000,000","-631,000,000","-705,000,000","-421,000,000","-776,000,000","-694,000,000","-1,018,000,000","-1,074,000,000","-681,000,000","-587,000,000","-669,000,000","14,000,000","-665,000,000",,,,
"	Interest Income Non Operating","300,000,000","300,000,000","358,000,000","284,000,000","210,000,000","80,000,000","106,000,000","200,000,000","247,000,000","152,000,000","121,000,000","101,000,000","135,000,000","219,000,000","120,000,000","115,000,000","58,000,000","83,000,000","43,000,000","418,000,000",,,"421,000,000","608,000,000","745,000,000",,,,
"	Interest Expense Non Operating","1,823,000,000","1,823,000,000","1,841,000,000","1,643,000,000","1,249,000,000","951,000,000","983,000,000","1,214,000,000","1,006,000,000","843,000,000","753,000,000","722,000,000","761,000,000","848,000,000","801,000,000","536,000,000","828,000,000","745,000,000","1,047,000,000","1,481,000,000",,,"1,090,000,000","594,000,000","1,410,000,000",,,,
"	Total Other Finance Cost","3,000,000","3,000,000","2,000,000","1,000,000","1,000,000","2,000,000","-3,000,000","2,000,000","2,000,000","5,000,000","5,000,000","3,000,000","11,000,000","2,000,000","24,000,000","9,000,000","6,000,000","32,000,000","14,000,000","11,000,000","681,000,000","587,000,000",,,,,,,
"Pretax Income","10,751,000,000","10,751,000,000","13,239,000,000","12,703,000,000","11,286,000,000","10,806,000,000","13,922,000,000","15,062,000,000","12,991,000,000","9,460,000,000","12,526,000,000","11,784,000,000","10,268,000,000","12,437,000,000","12,683,000,000","12,050,000,000","11,381,000,000","11,838,000,000","10,338,000,000","13,518,000,000","12,105,000,000","10,369,000,000","7,818,000,000","8,307,000,000","9,684,000,000","8,767,000,000","8,341,000,000","6,859,000,000","6,033,000,000"
"Tax Provision","2,640,000,000","2,640,000,000","3,314,000,000","2,314,000,000","2,730,000,000","2,261,000,000","3,365,000,000","3,159,000,000","3,439,000,000","2,773,000,000","4,413,000,000","3,305,000,000","3,367,000,000","3,256,000,000","3,259,000,000","3,112,000,000","3,343,000,000","3,087,000,000","3,687,000,000","3,416,000,000","3,293,000,000","2,647,000,000","2,404,000,000","2,307,000,000","2,295,000,000","2,429,000,000","2,761,000,000","2,314,000,000","2,000,000,000"
"Net Income Common Stockholders","9,033,000,000","9,033,000,000","10,884,000,000","11,209,000,000","9,270,000,000","16,905,000,000","12,232,000,000","12,609,000,000","10,135,000,000","7,156,000,000","8,531,000,000","9,066,000,000","14,456,000,000","10,015,000,000","10,228,000,000","9,487,000,000","34,233,000,000","10,428,000,000","18,039,000,000","10,649,000,000","9,197,000,000","8,081,000,000","7,031,000,000","6,213,000,000","7,564,000,000","6,681,000,000","5,763,000,000","4,724,000,000","4,205,000,000"
"	Net Income","9,033,000,000","9,033,000,000","10,884,000,000","11,209,000,000","9,270,000,000","16,905,000,000","12,232,000,000","12,609,000,000","10,135,000,000","7,156,000,000","8,531,000,000","9,066,000,000","14,456,000,000","10,015,000,000","10,228,000,000","9,487,000,000","34,233,000,000","10,428,000,000","18,039,000,000","10,649,000,000","9,197,000,000","8,081,000,000","7,031,000,000","6,213,000,000","7,564,000,000","6,681,000,000","5,763,000,000","4,724,000,000","4,205,000,000"
"		Net Income Including Non-Controlling Interests","9,254,000,000","9,254,000,000","11,174,000,000","11,509,000,000","9,596,000,000","17,196,000,000","12,372,000,000","12,904,000,000","10,468,000,000","7,511,000,000","8,883,000,000","9,467,000,000","14,904,000,000","10,445,000,000","10,677,000,000","9,804,000,000","35,384,000,000","11,793,000,000","19,051,000,000","11,382,000,000","9,849,000,000","8,604,000,000","5,443,000,000","6,000,000,000","7,389,000,000","6,681,000,000","5,763,000,000","4,724,000,000","4,205,000,000"
"			Net Income Continuous Operations","9,254,000,000","9,254,000,000","11,174,000,000","11,509,000,000","9,596,000,000","17,196,000,000","12,372,000,000","12,904,000,000","10,468,000,000","7,511,000,000","8,883,000,000","9,467,000,000","14,904,000,000","10,445,000,000","10,677,000,000","9,804,000,000","9,048,000,000","9,551,000,000","7,656,000,000","11,382,000,000","9,775,000,000","8,618,000,000","5,414,000,000","6,000,000,000","7,389,000,000","6,681,000,000","5,763,000,000","4,724,000,000","4,205,000,000"
"			Net Income Discontinuous Operations",,,,,,,,,,,,,,,,"0","26,336,000,000","2,242,000,000","11,395,000,000","0","74,000,000","-14,000,000","29,000,000",,,,,,
"		Minority Interests","-221,000,000","-221,000,000","-290,000,000","-300,000,000","-326,000,000","-291,000,000","-140,000,000","-295,000,000","-333,000,000","-355,000,000","-352,000,000","-401,000,000","-448,000,000","-430,000,000","-449,000,000","-317,000,000","-1,151,000,000","-1,365,000,000","-1,012,000,000","-733,000,000","-652,000,000","-523,000,000","-422,000,000","-380,000,000","-329,000,000",,,,
"	Otherunder Preferred Stock Dividend","0","0","0","0","0","0","0","0","0","0","0","0","0","0","0","0","0","0","0","0","0","0","0","0","0","0","0","0","0"
"Average Dilution Earnings",,,,,,,,,,,,,,,,,,"0","5,000,000","29,000,000",,,,,,,,,
"Diluted NI Available to Com Stockholders","9,033,000,000","9,033,000,000","10,884,000,000","11,209,000,000","9,270,000,000","16,905,000,000","12,232,000,000","12,609,000,000","10,135,000,000","7,156,000,000","8,531,000,000","9,066,000,000","14,456,000,000","10,015,000,000","10,228,000,000","9,487,000,000","34,233,000,000","10,428,000,000","18,044,000,000","10,678,000,000","9,197,000,000","8,081,000,000","7,031,000,000","6,213,000,000","7,564,000,000","6,681,000,000","5,763,000,000","4,724,000,000","4,205,000,000"
"Basic EPS","3.51","3.51","4.19","4.24","3.42","6.06","4.3","4.3","3.36","2.31","2.76","2.9","4.54","3.14","3.21","2.97","10.16","2.92","4.87","2.78","2.39","2.078","1.697","1.605","1.951","1.725","1.491","6.105","5.35"
"Diluted EPS","3.51","3.51","4.19","4.23","3.42","6.06","4.29","4.3","3.36","2.31","2.75","2.89","4.52","3.13","3.2","2.96","10.12","2.91","4.84","2.76","2.375","2.063","1.665","1.592","1.93","1.714","1.478","6.035","5.3"
"Basic Average Shares","2,573,000,000","2,573,000,000","2,596,000,000","2,646,000,000","2,707,000,000","2,788,000,000","2,845,000,000","2,929,000,000","3,014,000,000","3,092,000,000","3,091,000,000","3,129,000,000","3,188,000,000","3,191,000,000","3,186,000,000","3,196,000,000","3,371,000,000","3,572,000,000","3,704,613,573","3,828,809,470","3,848,010,890","3,888,125,640","3,884,499,570","3,870,184,290","3,876,417,520","3,873,043,478","8,070,400,000","8,070,400,000","8,070,400,000"
"Diluted Average Shares","2,576,000,000","2,576,000,000","2,599,000,000","2,648,000,000","2,709,000,000","2,791,000,000","2,849,000,000","2,934,000,000","3,019,000,000","3,098,000,000","3,097,000,000","3,136,000,000","3,196,000,000","3,200,000,000","3,195,000,000","3,205,000,000","3,382,000,000","3,584,000,000","3,725,018,002","3,867,876,260","3,885,095,480","3,998,607,000","4,035,200,000","4,035,200,000","4,035,200,000","3,897,899,650","8,070,400,000","8,070,400,000","8,070,400,000"
"Total Operating Income as Reported","12,277,000,000","12,277,000,000","14,724,000,000","14,063,000,000","12,326,000,000","11,679,000,000","14,796,000,000","16,078,000,000","13,752,000,000","10,156,000,000","13,163,000,000","12,408,000,000","10,905,000,000","13,068,000,000","13,388,000,000","12,471,000,000","12,143,000,000","11,838,000,000","10,338,000,000","13,518,000,000","12,786,000,000","10,369,000,000","8,487,000,000","8,901,000,000","10,349,000,000","9,309,000,000","9,186,000,000","7,914,000,000","7,081,000,000"
"Total Expenses","75,904,000,000","75,904,000,000","76,107,000,000","77,680,000,000","79,112,000,000","72,540,000,000","70,233,000,000","76,831,000,000","76,347,000,000","75,077,000,000","75,528,000,000","75,235,000,000","77,716,000,000","77,317,000,000","76,221,000,000","70,674,000,000","74,510,000,000","88,087,000,000","91,703,000,000","93,118,000,000","84,942,000,000","80,159,000,000","75,513,000,000","78,544,000,000","80,497,000,000","75,389,000,000","71,924,000,000","66,344,000,000","64,442,000,000"
"Net Income from Continuing & Discontinued Operation","9,033,000,000","9,033,000,000","10,884,000,000","11,209,000,000","9,270,000,000","16,905,000,000","12,232,000,000","12,609,000,000","10,135,000,000","7,156,000,000","8,531,000,000","9,066,000,000","14,456,000,000","10,015,000,000","10,228,000,000","9,487,000,000","34,233,000,000","10,428,000,000","18,039,000,000","10,649,000,000","9,197,000,000","8,081,000,000","7,031,000,000","6,213,000,000","7,564,000,000","6,681,000,000","5,763,000,000","4,724,000,000","4,205,000,000"
"Normalized Income","10,317,816,000","10,317,816,000","11,550,750,000","12,524,344,000","12,539,496,000","19,997,541,000","12,376,216,000","13,353,240,000","11,974,944,423.062","13,509,518,287.526","9,679,223,614.881","10,440,130,346.232","18,544,253,603.428","11,650,320,000","10,540,070,000","9,966,589,211.618","8,849,044,987.259","8,156,430,816.016","6,661,370,574.579","10,530,926,616.363","9,068,548,616.274","8,095,000,000","7,002,000,000","6,213,000,000","7,564,000,000","6,681,000,000","5,971,723,174.679","4,990,378,480.828","4,354,741,753.688"
"Interest Income","300,000,000","300,000,000","358,000,000","284,000,000","210,000,000","80,000,000","106,000,000","200,000,000","247,000,000","152,000,000","121,000,000","101,000,000","135,000,000","219,000,000","120,000,000","115,000,000","58,000,000","83,000,000","43,000,000","418,000,000",,,"421,000,000","608,000,000","745,000,000",,,,
"Interest Expense","1,823,000,000","1,823,000,000","1,841,000,000","1,643,000,000","1,249,000,000","951,000,000","983,000,000","1,214,000,000","1,006,000,000","843,000,000","753,000,000","722,000,000","761,000,000","848,000,000","801,000,000","536,000,000","828,000,000","745,000,000","1,047,000,000","1,481,000,000",,,"1,090,000,000","594,000,000","1,410,000,000",,,,
"Net Interest Income","-1,526,000,000","-1,526,000,000","-1,485,000,000","-1,360,000,000","-1,040,000,000","-873,000,000","-874,000,000","-1,016,000,000","-761,000,000","-696,000,000","-637,000,000","-624,000,000","-637,000,000","-631,000,000","-705,000,000","-421,000,000","-776,000,000","-694,000,000","-1,018,000,000","-1,074,000,000","-681,000,000","-587,000,000","-669,000,000","14,000,000","-665,000,000",,,,
"EBIT","12,574,000,000","12,574,000,000","15,080,000,000","14,346,000,000","12,535,000,000","11,757,000,000","14,905,000,000","16,276,000,000","13,997,000,000","10,303,000,000","13,279,000,000","12,506,000,000","11,029,000,000","13,285,000,000","13,484,000,000","12,586,000,000","12,209,000,000","12,583,000,000","11,385,000,000","14,999,000,000","13,516,000,000","10,956,000,000","8,908,000,000","8,901,000,000","11,094,000,000","9,309,000,000","9,498,000,000","8,316,000,000","7,305,000,000"
"EBITDA","16,207,000,000","16,207,000,000","18,662,000,000","17,804,000,000","16,076,000,000","15,197,000,000","18,370,000,000","19,989,000,000","17,921,000,000","14,237,000,000","16,411,000,000","15,684,000,000","14,087,000,000","16,450,000,000","16,533,000,000","15,511,000,000","15,391,000,000","15,952,000,000","14,634,000,000","18,210,000,000","16,577,000,000","13,684,000,000","13,291,000,000","13,135,000,000","15,263,000,000","11,890,000,000","12,235,000,000","10,913,000,000","9,914,000,000"
"Reconciled Cost of Revenue","48,694,000,000","48,694,000,000","48,670,000,000","50,328,000,000","51,745,000,000","45,468,000,000","42,971,000,000","46,647,000,000","46,070,000,000","45,571,000,000","44,199,000,000","44,730,000,000","47,553,000,000","48,111,000,000","47,500,000,000","44,127,000,000","44,775,000,000","43,467,000,000","45,756,000,000","45,037,000,000","40,713,000,000","37,917,000,000","35,312,000,000","37,583,000,000","38,521,000,000","37,756,000,000","38,121,000,000","35,912,000,000","35,963,000,000"
"Reconciled Depreciation","3,633,000,000","3,633,000,000","3,582,000,000","3,458,000,000","3,541,000,000","3,440,000,000","3,465,000,000","3,713,000,000","3,924,000,000","3,934,000,000","3,132,000,000","3,178,000,000","3,058,000,000","3,165,000,000","3,049,000,000","2,925,000,000","3,182,000,000","3,369,000,000","3,249,000,000","3,211,000,000","3,061,000,000","2,728,000,000","4,383,000,000","4,234,000,000","4,169,000,000","2,581,000,000","2,737,000,000","2,597,000,000","2,609,000,000"
"Net Income from Continuing Operation Net Minority Interest","9,033,000,000","9,033,000,000","10,884,000,000","11,209,000,000","9,270,000,000","16,905,000,000","12,232,000,000","12,609,000,000","10,135,000,000","7,156,000,000","8,531,000,000","9,066,000,000","14,456,000,000","10,015,000,000","10,228,000,000","9,487,000,000","7,897,000,000","8,186,000,000","6,644,000,000","10,649,000,000","9,123,000,000","8,095,000,000","7,002,000,000","6,213,000,000","7,564,000,000","6,681,000,000","5,763,000,000","4,724,000,000","4,205,000,000"
"Total Unusual Items Excluding Goodwill","-1,704,000,000","-1,704,000,000","-889,000,000","-1,608,000,000","-3,342,000,000","-3,251,000,000","348,000,000","44,000,000","-1,651,000,000","-4,689,000,000","-1,095,000,000","-1,440,000,000","-3,244,000,000","-2,084,000,000","-410,000,000","-625,000,000","-1,348,000,000","40,000,000","-27,000,000","158,000,000","127,000,000",,,,,"-275,000,000","-312,000,000","-402,000,000","-224,000,000"
"Total Unusual Items","-1,704,000,000","-1,704,000,000","-889,000,000","-1,608,000,000","-2,706,000,000","-2,730,000,000","756,000,000","823,000,000","-1,025,000,000","-1,650,000,000","-656,000,000","-1,102,000,000","-1,336,000,000","-1,970,000,000","-396,000,000","-609,000,000","-1,348,000,000","40,000,000","-27,000,000","158,000,000","165,000,000",,,,,"-275,000,000","-312,000,000","-402,000,000","-224,000,000"
"Normalized EBITDA","17,911,000,000","17,911,000,000","19,551,000,000","19,412,000,000","18,782,000,000","17,927,000,000","17,614,000,000","19,166,000,000","18,946,000,000","15,887,000,000","17,067,000,000","16,786,000,000","15,423,000,000","18,420,000,000","16,929,000,000","16,120,000,000","16,739,000,000","15,912,000,000","14,661,000,000","18,052,000,000","16,412,000,000","13,684,000,000","13,291,000,000","13,135,000,000","15,263,000,000","11,890,000,000","12,547,000,000","11,315,000,000","10,138,000,000"
"Tax Rate for Calcs","0.246","0.246","0.25","0.182","0.212","0.209","0.242","0.21","0.265","0.293","0.352","0.28","0.328","0.27","0.273","0.258","0.294","0.261","0.357","0.253","0.272","0.255","0.307","0.278","0.237","0.277","0.331","0.337","0.332"
"Tax Effect of Unusual Items","-419,184,000","-419,184,000","-222,250,000","-292,656,000","-708,504,000","-679,459,000","84,216,000","9,240,000","-437,055,576.938","-1,374,481,712.474","-385,776,385.119","-403,869,653.768","-1,063,746,396.572","-562,680,000","-111,930,000","-161,410,788.382","-395,955,012.741","10,430,816.016","-9,629,425.421","39,926,616.363","34,548,616.274","0","0","0","0","0","-103,276,825.321","-135,621,519.172","-74,258,246.312"